year,scheme,commodity,measure,quantity_lmt,source,note
2019-20,NFSA_TPDS,rice,allocation,290.23,"https://dfpd.gov.in/WriteReadData/FoodBulletinUploadDocuments/8e0ba45f-affc-4309-8a2d-f6c8d01156b7_Foodgrain%20Bulletin%20fot%20November,%202024.pdf",
2019-20,NFSA_TPDS,wheat,allocation,231.24,"https://dfpd.gov.in/WriteReadData/FoodBulletinUploadDocuments/8e0ba45f-affc-4309-8a2d-f6c8d01156b7_Foodgrain%20Bulletin%20fot%20November,%202024.pdf",
2019-20,ICDS_WBNP,rice,allocation,10.6,"https://dfpd.gov.in/WriteReadData/FoodBulletinUploadDocuments/8e0ba45f-affc-4309-8a2d-f6c8d01156b7_Foodgrain%20Bulletin%20fot%20November,%202024.pdf",
2019-20,ICDS_WBNP,wheat,allocation,11.3,"https://dfpd.gov.in/WriteReadData/FoodBulletinUploadDocuments/8e0ba45f-affc-4309-8a2d-f6c8d01156b7_Foodgrain%20Bulletin%20fot%20November,%202024.pdf",
2019-20,PM_POSHAN_MDM,rice,allocation,21.17,"https://dfpd.gov.in/WriteReadData/FoodBulletinUploadDocuments/8e0ba45f-affc-4309-8a2d-f6c8d01156b7_Foodgrain%20Bulletin%20fot%20November,%202024.pdf",
2019-20,PM_POSHAN_MDM,wheat,allocation,4.2,"https://dfpd.gov.in/WriteReadData/FoodBulletinUploadDocuments/8e0ba45f-affc-4309-8a2d-f6c8d01156b7_Foodgrain%20Bulletin%20fot%20November,%202024.pdf",
2019-20,TPDS_TideOver,rice,allocation,20.77,"https://dfpd.gov.in/WriteReadData/FoodBulletinUploadDocuments/8e0ba45f-affc-4309-8a2d-f6c8d01156b7_Foodgrain%20Bulletin%20fot%20November,%202024.pdf",
2019-20,TPDS_TideOver,wheat,allocation,7.0,"https://dfpd.gov.in/WriteReadData/FoodBulletinUploadDocuments/8e0ba45f-affc-4309-8a2d-f6c8d01156b7_Foodgrain%20Bulletin%20fot%20November,%202024.pdf",
2019-20,Welfare_Institutions_Hostels,rice,allocation,4.16,"https://dfpd.gov.in/WriteReadData/FoodBulletinUploadDocuments/8e0ba45f-affc-4309-8a2d-f6c8d01156b7_Foodgrain%20Bulletin%20fot%20November,%202024.pdf",
2019-20,Welfare_Institutions_Hostels,wheat,allocation,0.69,"https://dfpd.gov.in/WriteReadData/FoodBulletinUploadDocuments/8e0ba45f-affc-4309-8a2d-f6c8d01156b7_Foodgrain%20Bulletin%20fot%20November,%202024.pdf",
2019-20,SAG_AdolescentGirls,rice,allocation,0.2,"https://dfpd.gov.in/WriteReadData/FoodBulletinUploadDocuments/8e0ba45f-affc-4309-8a2d-f6c8d01156b7_Foodgrain%20Bulletin%20fot%20November,%202024.pdf",
2019-20,SAG_AdolescentGirls,wheat,allocation,0.25,"https://dfpd.gov.in/WriteReadData/FoodBulletinUploadDocuments/8e0ba45f-affc-4309-8a2d-f6c8d01156b7_Foodgrain%20Bulletin%20fot%20November,%202024.pdf",
2019-20,Annapurna,rice,allocation,0.16,"https://dfpd.gov.in/WriteReadData/FoodBulletinUploadDocuments/8e0ba45f-affc-4309-8a2d-f6c8d01156b7_Foodgrain%20Bulletin%20fot%20November,%202024.pdf",
2019-20,Annapurna,wheat,allocation,0.09,"https://dfpd.gov.in/WriteReadData/FoodBulletinUploadDocuments/8e0ba45f-affc-4309-8a2d-f6c8d01156b7_Foodgrain%20Bulletin%20fot%20November,%202024.pdf",
2019-20,Natural_Calamity_Relief,rice,allocation,0.23,"https://dfpd.gov.in/WriteReadData/FoodBulletinUploadDocuments/8e0ba45f-affc-4309-8a2d-f6c8d01156b7_Foodgrain%20Bulletin%20fot%20November,%202024.pdf",
2019-20,Natural_Calamity_Relief,wheat,allocation,0.08,"https://dfpd.gov.in/WriteReadData/FoodBulletinUploadDocuments/8e0ba45f-affc-4309-8a2d-f6c8d01156b7_Foodgrain%20Bulletin%20fot%20November,%202024.pdf",
2019-20,Festivals_AddlAllocation,rice,allocation,1.6,"https://dfpd.gov.in/WriteReadData/FoodBulletinUploadDocuments/8e0ba45f-affc-4309-8a2d-f6c8d01156b7_Foodgrain%20Bulletin%20fot%20November,%202024.pdf",
2019-20,Festivals_AddlAllocation,wheat,allocation,1.74,"https://dfpd.gov.in/WriteReadData/FoodBulletinUploadDocuments/8e0ba45f-affc-4309-8a2d-f6c8d01156b7_Foodgrain%20Bulletin%20fot%20November,%202024.pdf",
2019-20,Defence_ITBP,rice,allocation,1.29,"https://dfpd.gov.in/WriteReadData/FoodBulletinUploadDocuments/8e0ba45f-affc-4309-8a2d-f6c8d01156b7_Foodgrain%20Bulletin%20fot%20November,%202024.pdf",
2019-20,Defence_ITBP,wheat,allocation,0.05,"https://dfpd.gov.in/WriteReadData/FoodBulletinUploadDocuments/8e0ba45f-affc-4309-8a2d-f6c8d01156b7_Foodgrain%20Bulletin%20fot%20November,%202024.pdf",
2019-20,OMSS_Domestic,rice,allocation,16.12,"https://dfpd.gov.in/WriteReadData/FoodBulletinUploadDocuments/8e0ba45f-affc-4309-8a2d-f6c8d01156b7_Foodgrain%20Bulletin%20fot%20November,%202024.pdf",
2019-20,OMSS_Domestic,wheat,allocation,36.36,"https://dfpd.gov.in/WriteReadData/FoodBulletinUploadDocuments/8e0ba45f-affc-4309-8a2d-f6c8d01156b7_Foodgrain%20Bulletin%20fot%20November,%202024.pdf",
2019-20,WFP_Export,rice,allocation,0.01,"https://dfpd.gov.in/WriteReadData/FoodBulletinUploadDocuments/8e0ba45f-affc-4309-8a2d-f6c8d01156b7_Foodgrain%20Bulletin%20fot%20November,%202024.pdf",
2019-20,WFP_Export,wheat,allocation,0.02,"https://dfpd.gov.in/WriteReadData/FoodBulletinUploadDocuments/8e0ba45f-affc-4309-8a2d-f6c8d01156b7_Foodgrain%20Bulletin%20fot%20November,%202024.pdf",
2019-20,TOTAL,rice,allocation,366.54,"https://dfpd.gov.in/WriteReadData/FoodBulletinUploadDocuments/8e0ba45f-affc-4309-8a2d-f6c8d01156b7_Foodgrain%20Bulletin%20fot%20November,%202024.pdf",
2019-20,TOTAL,wheat,allocation,293.02,"https://dfpd.gov.in/WriteReadData/FoodBulletinUploadDocuments/8e0ba45f-affc-4309-8a2d-f6c8d01156b7_Foodgrain%20Bulletin%20fot%20November,%202024.pdf",
2019-20,NFSA_TPDS,rice,offtake,285.42,"https://dfpd.gov.in/WriteReadData/FoodBulletinUploadDocuments/8e0ba45f-affc-4309-8a2d-f6c8d01156b7_Foodgrain%20Bulletin%20fot%20November,%202024.pdf",
2019-20,NFSA_TPDS,wheat,offtake,215.6,"https://dfpd.gov.in/WriteReadData/FoodBulletinUploadDocuments/8e0ba45f-affc-4309-8a2d-f6c8d01156b7_Foodgrain%20Bulletin%20fot%20November,%202024.pdf",
2019-20,ICDS_WBNP,rice,offtake,4.82,"https://dfpd.gov.in/WriteReadData/FoodBulletinUploadDocuments/8e0ba45f-affc-4309-8a2d-f6c8d01156b7_Foodgrain%20Bulletin%20fot%20November,%202024.pdf",
2019-20,ICDS_WBNP,wheat,offtake,7.23,"https://dfpd.gov.in/WriteReadData/FoodBulletinUploadDocuments/8e0ba45f-affc-4309-8a2d-f6c8d01156b7_Foodgrain%20Bulletin%20fot%20November,%202024.pdf",
2019-20,PM_POSHAN_MDM,rice,offtake,16.87,"https://dfpd.gov.in/WriteReadData/FoodBulletinUploadDocuments/8e0ba45f-affc-4309-8a2d-f6c8d01156b7_Foodgrain%20Bulletin%20fot%20November,%202024.pdf",
2019-20,PM_POSHAN_MDM,wheat,offtake,3.96,"https://dfpd.gov.in/WriteReadData/FoodBulletinUploadDocuments/8e0ba45f-affc-4309-8a2d-f6c8d01156b7_Foodgrain%20Bulletin%20fot%20November,%202024.pdf",
2019-20,TPDS_TideOver,rice,offtake,20.78,"https://dfpd.gov.in/WriteReadData/FoodBulletinUploadDocuments/8e0ba45f-affc-4309-8a2d-f6c8d01156b7_Foodgrain%20Bulletin%20fot%20November,%202024.pdf",
2019-20,TPDS_TideOver,wheat,offtake,6.67,"https://dfpd.gov.in/WriteReadData/FoodBulletinUploadDocuments/8e0ba45f-affc-4309-8a2d-f6c8d01156b7_Foodgrain%20Bulletin%20fot%20November,%202024.pdf",
2019-20,Welfare_Institutions_Hostels,rice,offtake,3.45,"https://dfpd.gov.in/WriteReadData/FoodBulletinUploadDocuments/8e0ba45f-affc-4309-8a2d-f6c8d01156b7_Foodgrain%20Bulletin%20fot%20November,%202024.pdf",
2019-20,Welfare_Institutions_Hostels,wheat,offtake,0.56,"https://dfpd.gov.in/WriteReadData/FoodBulletinUploadDocuments/8e0ba45f-affc-4309-8a2d-f6c8d01156b7_Foodgrain%20Bulletin%20fot%20November,%202024.pdf",
2019-20,SAG_AdolescentGirls,rice,offtake,0.04,"https://dfpd.gov.in/WriteReadData/FoodBulletinUploadDocuments/8e0ba45f-affc-4309-8a2d-f6c8d01156b7_Foodgrain%20Bulletin%20fot%20November,%202024.pdf",
2019-20,SAG_AdolescentGirls,wheat,offtake,0.1,"https://dfpd.gov.in/WriteReadData/FoodBulletinUploadDocuments/8e0ba45f-affc-4309-8a2d-f6c8d01156b7_Foodgrain%20Bulletin%20fot%20November,%202024.pdf",
2019-20,Annapurna,rice,offtake,0.07,"https://dfpd.gov.in/WriteReadData/FoodBulletinUploadDocuments/8e0ba45f-affc-4309-8a2d-f6c8d01156b7_Foodgrain%20Bulletin%20fot%20November,%202024.pdf",
2019-20,Annapurna,wheat,offtake,0.02,"https://dfpd.gov.in/WriteReadData/FoodBulletinUploadDocuments/8e0ba45f-affc-4309-8a2d-f6c8d01156b7_Foodgrain%20Bulletin%20fot%20November,%202024.pdf",
2019-20,Natural_Calamity_Relief,rice,offtake,0.2,"https://dfpd.gov.in/WriteReadData/FoodBulletinUploadDocuments/8e0ba45f-affc-4309-8a2d-f6c8d01156b7_Foodgrain%20Bulletin%20fot%20November,%202024.pdf",
2019-20,Natural_Calamity_Relief,wheat,offtake,0.06,"https://dfpd.gov.in/WriteReadData/FoodBulletinUploadDocuments/8e0ba45f-affc-4309-8a2d-f6c8d01156b7_Foodgrain%20Bulletin%20fot%20November,%202024.pdf",
2019-20,Festivals_AddlAllocation,rice,offtake,0.88,"https://dfpd.gov.in/WriteReadData/FoodBulletinUploadDocuments/8e0ba45f-affc-4309-8a2d-f6c8d01156b7_Foodgrain%20Bulletin%20fot%20November,%202024.pdf",
2019-20,Festivals_AddlAllocation,wheat,offtake,1.52,"https://dfpd.gov.in/WriteReadData/FoodBulletinUploadDocuments/8e0ba45f-affc-4309-8a2d-f6c8d01156b7_Foodgrain%20Bulletin%20fot%20November,%202024.pdf",
2019-20,Defence_ITBP,rice,offtake,1.07,"https://dfpd.gov.in/WriteReadData/FoodBulletinUploadDocuments/8e0ba45f-affc-4309-8a2d-f6c8d01156b7_Foodgrain%20Bulletin%20fot%20November,%202024.pdf",
2019-20,Defence_ITBP,wheat,offtake,0.05,"https://dfpd.gov.in/WriteReadData/FoodBulletinUploadDocuments/8e0ba45f-affc-4309-8a2d-f6c8d01156b7_Foodgrain%20Bulletin%20fot%20November,%202024.pdf",
2019-20,OMSS_Domestic,rice,offtake,16.13,"https://dfpd.gov.in/WriteReadData/FoodBulletinUploadDocuments/8e0ba45f-affc-4309-8a2d-f6c8d01156b7_Foodgrain%20Bulletin%20fot%20November,%202024.pdf",
2019-20,OMSS_Domestic,wheat,offtake,36.36,"https://dfpd.gov.in/WriteReadData/FoodBulletinUploadDocuments/8e0ba45f-affc-4309-8a2d-f6c8d01156b7_Foodgrain%20Bulletin%20fot%20November,%202024.pdf",
2019-20,WFP_Export,rice,offtake,0.01,"https://dfpd.gov.in/WriteReadData/FoodBulletinUploadDocuments/8e0ba45f-affc-4309-8a2d-f6c8d01156b7_Foodgrain%20Bulletin%20fot%20November,%202024.pdf",
2019-20,WFP_Export,wheat,offtake,0.02,"https://dfpd.gov.in/WriteReadData/FoodBulletinUploadDocuments/8e0ba45f-affc-4309-8a2d-f6c8d01156b7_Foodgrain%20Bulletin%20fot%20November,%202024.pdf",
2019-20,TOTAL,rice,offtake,349.74,"https://dfpd.gov.in/WriteReadData/FoodBulletinUploadDocuments/8e0ba45f-affc-4309-8a2d-f6c8d01156b7_Foodgrain%20Bulletin%20fot%20November,%202024.pdf",
2019-20,TOTAL,wheat,offtake,272.16,"https://dfpd.gov.in/WriteReadData/FoodBulletinUploadDocuments/8e0ba45f-affc-4309-8a2d-f6c8d01156b7_Foodgrain%20Bulletin%20fot%20November,%202024.pdf",
2020-21,NFSA_TPDS,rice,allocation,288.72,"https://dfpd.gov.in/WriteReadData/FoodBulletinUploadDocuments/8e0ba45f-affc-4309-8a2d-f6c8d01156b7_Foodgrain%20Bulletin%20fot%20November,%202024.pdf",
2020-21,NFSA_TPDS,wheat,allocation,232.54,"https://dfpd.gov.in/WriteReadData/FoodBulletinUploadDocuments/8e0ba45f-affc-4309-8a2d-f6c8d01156b7_Foodgrain%20Bulletin%20fot%20November,%202024.pdf",
2020-21,ICDS_WBNP,rice,allocation,10.6,"https://dfpd.gov.in/WriteReadData/FoodBulletinUploadDocuments/8e0ba45f-affc-4309-8a2d-f6c8d01156b7_Foodgrain%20Bulletin%20fot%20November,%202024.pdf",
2020-21,ICDS_WBNP,wheat,allocation,11.4,"https://dfpd.gov.in/WriteReadData/FoodBulletinUploadDocuments/8e0ba45f-affc-4309-8a2d-f6c8d01156b7_Foodgrain%20Bulletin%20fot%20November,%202024.pdf",
2020-21,PM_POSHAN_MDM,rice,allocation,26.43,"https://dfpd.gov.in/WriteReadData/FoodBulletinUploadDocuments/8e0ba45f-affc-4309-8a2d-f6c8d01156b7_Foodgrain%20Bulletin%20fot%20November,%202024.pdf",
2020-21,PM_POSHAN_MDM,wheat,allocation,6.33,"https://dfpd.gov.in/WriteReadData/FoodBulletinUploadDocuments/8e0ba45f-affc-4309-8a2d-f6c8d01156b7_Foodgrain%20Bulletin%20fot%20November,%202024.pdf",
2020-21,TPDS_TideOver,rice,allocation,19.45,"https://dfpd.gov.in/WriteReadData/FoodBulletinUploadDocuments/8e0ba45f-affc-4309-8a2d-f6c8d01156b7_Foodgrain%20Bulletin%20fot%20November,%202024.pdf",
2020-21,TPDS_TideOver,wheat,allocation,7.44,"https://dfpd.gov.in/WriteReadData/FoodBulletinUploadDocuments/8e0ba45f-affc-4309-8a2d-f6c8d01156b7_Foodgrain%20Bulletin%20fot%20November,%202024.pdf",
2020-21,Welfare_Institutions_Hostels,rice,allocation,2.07,"https://dfpd.gov.in/WriteReadData/FoodBulletinUploadDocuments/8e0ba45f-affc-4309-8a2d-f6c8d01156b7_Foodgrain%20Bulletin%20fot%20November,%202024.pdf",
2020-21,Welfare_Institutions_Hostels,wheat,allocation,0.63,"https://dfpd.gov.in/WriteReadData/FoodBulletinUploadDocuments/8e0ba45f-affc-4309-8a2d-f6c8d01156b7_Foodgrain%20Bulletin%20fot%20November,%202024.pdf",
2020-21,SAG_AdolescentGirls,rice,allocation,0.19,"https://dfpd.gov.in/WriteReadData/FoodBulletinUploadDocuments/8e0ba45f-affc-4309-8a2d-f6c8d01156b7_Foodgrain%20Bulletin%20fot%20November,%202024.pdf",
2020-21,SAG_AdolescentGirls,wheat,allocation,0.32,"https://dfpd.gov.in/WriteReadData/FoodBulletinUploadDocuments/8e0ba45f-affc-4309-8a2d-f6c8d01156b7_Foodgrain%20Bulletin%20fot%20November,%202024.pdf",
2020-21,Annapurna,rice,allocation,0.03,"https://dfpd.gov.in/WriteReadData/FoodBulletinUploadDocuments/8e0ba45f-affc-4309-8a2d-f6c8d01156b7_Foodgrain%20Bulletin%20fot%20November,%202024.pdf",
2020-21,Annapurna,wheat,allocation,0.0,"https://dfpd.gov.in/WriteReadData/FoodBulletinUploadDocuments/8e0ba45f-affc-4309-8a2d-f6c8d01156b7_Foodgrain%20Bulletin%20fot%20November,%202024.pdf",
2020-21,Natural_Calamity_Relief,rice,allocation,0.0,"https://dfpd.gov.in/WriteReadData/FoodBulletinUploadDocuments/8e0ba45f-affc-4309-8a2d-f6c8d01156b7_Foodgrain%20Bulletin%20fot%20November,%202024.pdf",
2020-21,Natural_Calamity_Relief,wheat,allocation,0.0,"https://dfpd.gov.in/WriteReadData/FoodBulletinUploadDocuments/8e0ba45f-affc-4309-8a2d-f6c8d01156b7_Foodgrain%20Bulletin%20fot%20November,%202024.pdf",
2020-21,Festivals_AddlAllocation,rice,allocation,2.09,"https://dfpd.gov.in/WriteReadData/FoodBulletinUploadDocuments/8e0ba45f-affc-4309-8a2d-f6c8d01156b7_Foodgrain%20Bulletin%20fot%20November,%202024.pdf",
2020-21,Festivals_AddlAllocation,wheat,allocation,1.53,"https://dfpd.gov.in/WriteReadData/FoodBulletinUploadDocuments/8e0ba45f-affc-4309-8a2d-f6c8d01156b7_Foodgrain%20Bulletin%20fot%20November,%202024.pdf",
2020-21,Defence_ITBP,rice,allocation,1.16,"https://dfpd.gov.in/WriteReadData/FoodBulletinUploadDocuments/8e0ba45f-affc-4309-8a2d-f6c8d01156b7_Foodgrain%20Bulletin%20fot%20November,%202024.pdf",
2020-21,Defence_ITBP,wheat,allocation,0.06,"https://dfpd.gov.in/WriteReadData/FoodBulletinUploadDocuments/8e0ba45f-affc-4309-8a2d-f6c8d01156b7_Foodgrain%20Bulletin%20fot%20November,%202024.pdf",
2020-21,OMSS_Domestic,rice,allocation,16.99,"https://dfpd.gov.in/WriteReadData/FoodBulletinUploadDocuments/8e0ba45f-affc-4309-8a2d-f6c8d01156b7_Foodgrain%20Bulletin%20fot%20November,%202024.pdf",
2020-21,OMSS_Domestic,wheat,allocation,8.79,"https://dfpd.gov.in/WriteReadData/FoodBulletinUploadDocuments/8e0ba45f-affc-4309-8a2d-f6c8d01156b7_Foodgrain%20Bulletin%20fot%20November,%202024.pdf",
2020-21,WFP_Export,rice,allocation,0.26,"https://dfpd.gov.in/WriteReadData/FoodBulletinUploadDocuments/8e0ba45f-affc-4309-8a2d-f6c8d01156b7_Foodgrain%20Bulletin%20fot%20November,%202024.pdf",
2020-21,WFP_Export,wheat,allocation,0.76,"https://dfpd.gov.in/WriteReadData/FoodBulletinUploadDocuments/8e0ba45f-affc-4309-8a2d-f6c8d01156b7_Foodgrain%20Bulletin%20fot%20November,%202024.pdf",
2020-21,TOTAL,rice,allocation,367.99,"https://dfpd.gov.in/WriteReadData/FoodBulletinUploadDocuments/8e0ba45f-affc-4309-8a2d-f6c8d01156b7_Foodgrain%20Bulletin%20fot%20November,%202024.pdf",
2020-21,TOTAL,wheat,allocation,269.8,"https://dfpd.gov.in/WriteReadData/FoodBulletinUploadDocuments/8e0ba45f-affc-4309-8a2d-f6c8d01156b7_Foodgrain%20Bulletin%20fot%20November,%202024.pdf",
2020-21,NFSA_TPDS,rice,offtake,279.0,"https://dfpd.gov.in/WriteReadData/FoodBulletinUploadDocuments/8e0ba45f-affc-4309-8a2d-f6c8d01156b7_Foodgrain%20Bulletin%20fot%20November,%202024.pdf",
2020-21,NFSA_TPDS,wheat,offtake,212.95,"https://dfpd.gov.in/WriteReadData/FoodBulletinUploadDocuments/8e0ba45f-affc-4309-8a2d-f6c8d01156b7_Foodgrain%20Bulletin%20fot%20November,%202024.pdf",
2020-21,ICDS_WBNP,rice,offtake,6.13,"https://dfpd.gov.in/WriteReadData/FoodBulletinUploadDocuments/8e0ba45f-affc-4309-8a2d-f6c8d01156b7_Foodgrain%20Bulletin%20fot%20November,%202024.pdf",
2020-21,ICDS_WBNP,wheat,offtake,7.55,"https://dfpd.gov.in/WriteReadData/FoodBulletinUploadDocuments/8e0ba45f-affc-4309-8a2d-f6c8d01156b7_Foodgrain%20Bulletin%20fot%20November,%202024.pdf",
2020-21,PM_POSHAN_MDM,rice,offtake,23.02,"https://dfpd.gov.in/WriteReadData/FoodBulletinUploadDocuments/8e0ba45f-affc-4309-8a2d-f6c8d01156b7_Foodgrain%20Bulletin%20fot%20November,%202024.pdf",
2020-21,PM_POSHAN_MDM,wheat,offtake,5.45,"https://dfpd.gov.in/WriteReadData/FoodBulletinUploadDocuments/8e0ba45f-affc-4309-8a2d-f6c8d01156b7_Foodgrain%20Bulletin%20fot%20November,%202024.pdf",
2020-21,TPDS_TideOver,rice,offtake,19.35,"https://dfpd.gov.in/WriteReadData/FoodBulletinUploadDocuments/8e0ba45f-affc-4309-8a2d-f6c8d01156b7_Foodgrain%20Bulletin%20fot%20November,%202024.pdf",
2020-21,TPDS_TideOver,wheat,offtake,6.73,"https://dfpd.gov.in/WriteReadData/FoodBulletinUploadDocuments/8e0ba45f-affc-4309-8a2d-f6c8d01156b7_Foodgrain%20Bulletin%20fot%20November,%202024.pdf",
2020-21,Welfare_Institutions_Hostels,rice,offtake,1.06,"https://dfpd.gov.in/WriteReadData/FoodBulletinUploadDocuments/8e0ba45f-affc-4309-8a2d-f6c8d01156b7_Foodgrain%20Bulletin%20fot%20November,%202024.pdf",
2020-21,Welfare_Institutions_Hostels,wheat,offtake,0.34,"https://dfpd.gov.in/WriteReadData/FoodBulletinUploadDocuments/8e0ba45f-affc-4309-8a2d-f6c8d01156b7_Foodgrain%20Bulletin%20fot%20November,%202024.pdf",
2020-21,SAG_AdolescentGirls,rice,offtake,0.01,"https://dfpd.gov.in/WriteReadData/FoodBulletinUploadDocuments/8e0ba45f-affc-4309-8a2d-f6c8d01156b7_Foodgrain%20Bulletin%20fot%20November,%202024.pdf",
2020-21,SAG_AdolescentGirls,wheat,offtake,0.03,"https://dfpd.gov.in/WriteReadData/FoodBulletinUploadDocuments/8e0ba45f-affc-4309-8a2d-f6c8d01156b7_Foodgrain%20Bulletin%20fot%20November,%202024.pdf",
2020-21,Annapurna,rice,offtake,0.03,"https://dfpd.gov.in/WriteReadData/FoodBulletinUploadDocuments/8e0ba45f-affc-4309-8a2d-f6c8d01156b7_Foodgrain%20Bulletin%20fot%20November,%202024.pdf",
2020-21,Annapurna,wheat,offtake,0.0,"https://dfpd.gov.in/WriteReadData/FoodBulletinUploadDocuments/8e0ba45f-affc-4309-8a2d-f6c8d01156b7_Foodgrain%20Bulletin%20fot%20November,%202024.pdf",
2020-21,Natural_Calamity_Relief,rice,offtake,0.06,"https://dfpd.gov.in/WriteReadData/FoodBulletinUploadDocuments/8e0ba45f-affc-4309-8a2d-f6c8d01156b7_Foodgrain%20Bulletin%20fot%20November,%202024.pdf",
2020-21,Natural_Calamity_Relief,wheat,offtake,0.0,"https://dfpd.gov.in/WriteReadData/FoodBulletinUploadDocuments/8e0ba45f-affc-4309-8a2d-f6c8d01156b7_Foodgrain%20Bulletin%20fot%20November,%202024.pdf",
2020-21,Festivals_AddlAllocation,rice,offtake,0.96,"https://dfpd.gov.in/WriteReadData/FoodBulletinUploadDocuments/8e0ba45f-affc-4309-8a2d-f6c8d01156b7_Foodgrain%20Bulletin%20fot%20November,%202024.pdf",
2020-21,Festivals_AddlAllocation,wheat,offtake,1.53,"https://dfpd.gov.in/WriteReadData/FoodBulletinUploadDocuments/8e0ba45f-affc-4309-8a2d-f6c8d01156b7_Foodgrain%20Bulletin%20fot%20November,%202024.pdf",
2020-21,Defence_ITBP,rice,offtake,1.06,"https://dfpd.gov.in/WriteReadData/FoodBulletinUploadDocuments/8e0ba45f-affc-4309-8a2d-f6c8d01156b7_Foodgrain%20Bulletin%20fot%20November,%202024.pdf",
2020-21,Defence_ITBP,wheat,offtake,0.05,"https://dfpd.gov.in/WriteReadData/FoodBulletinUploadDocuments/8e0ba45f-affc-4309-8a2d-f6c8d01156b7_Foodgrain%20Bulletin%20fot%20November,%202024.pdf",
2020-21,OMSS_Domestic,rice,offtake,24.64,"https://dfpd.gov.in/WriteReadData/FoodBulletinUploadDocuments/8e0ba45f-affc-4309-8a2d-f6c8d01156b7_Foodgrain%20Bulletin%20fot%20November,%202024.pdf",
2020-21,OMSS_Domestic,wheat,offtake,24.98,"https://dfpd.gov.in/WriteReadData/FoodBulletinUploadDocuments/8e0ba45f-affc-4309-8a2d-f6c8d01156b7_Foodgrain%20Bulletin%20fot%20November,%202024.pdf",
2020-21,WFP_Export,rice,offtake,0.26,"https://dfpd.gov.in/WriteReadData/FoodBulletinUploadDocuments/8e0ba45f-affc-4309-8a2d-f6c8d01156b7_Foodgrain%20Bulletin%20fot%20November,%202024.pdf",
2020-21,WFP_Export,wheat,offtake,0.76,"https://dfpd.gov.in/WriteReadData/FoodBulletinUploadDocuments/8e0ba45f-affc-4309-8a2d-f6c8d01156b7_Foodgrain%20Bulletin%20fot%20November,%202024.pdf",
2020-21,TOTAL,rice,offtake,355.58,"https://dfpd.gov.in/WriteReadData/FoodBulletinUploadDocuments/8e0ba45f-affc-4309-8a2d-f6c8d01156b7_Foodgrain%20Bulletin%20fot%20November,%202024.pdf",
2020-21,TOTAL,wheat,offtake,260.37,"https://dfpd.gov.in/WriteReadData/FoodBulletinUploadDocuments/8e0ba45f-affc-4309-8a2d-f6c8d01156b7_Foodgrain%20Bulletin%20fot%20November,%202024.pdf",
2021-22,NFSA_TPDS,rice,allocation,281.93,"https://dfpd.gov.in/WriteReadData/FoodBulletinUploadDocuments/8e0ba45f-affc-4309-8a2d-f6c8d01156b7_Foodgrain%20Bulletin%20fot%20November,%202024.pdf",
2021-22,NFSA_TPDS,wheat,allocation,240.34,"https://dfpd.gov.in/WriteReadData/FoodBulletinUploadDocuments/8e0ba45f-affc-4309-8a2d-f6c8d01156b7_Foodgrain%20Bulletin%20fot%20November,%202024.pdf",
2021-22,ICDS_WBNP,rice,allocation,10.6,"https://dfpd.gov.in/WriteReadData/FoodBulletinUploadDocuments/8e0ba45f-affc-4309-8a2d-f6c8d01156b7_Foodgrain%20Bulletin%20fot%20November,%202024.pdf",
2021-22,ICDS_WBNP,wheat,allocation,11.32,"https://dfpd.gov.in/WriteReadData/FoodBulletinUploadDocuments/8e0ba45f-affc-4309-8a2d-f6c8d01156b7_Foodgrain%20Bulletin%20fot%20November,%202024.pdf",
2021-22,PM_POSHAN_MDM,rice,allocation,24.5,"https://dfpd.gov.in/WriteReadData/FoodBulletinUploadDocuments/8e0ba45f-affc-4309-8a2d-f6c8d01156b7_Foodgrain%20Bulletin%20fot%20November,%202024.pdf",
2021-22,PM_POSHAN_MDM,wheat,allocation,5.81,"https://dfpd.gov.in/WriteReadData/FoodBulletinUploadDocuments/8e0ba45f-affc-4309-8a2d-f6c8d01156b7_Foodgrain%20Bulletin%20fot%20November,%202024.pdf",
2021-22,TPDS_TideOver,rice,allocation,18.79,"https://dfpd.gov.in/WriteReadData/FoodBulletinUploadDocuments/8e0ba45f-affc-4309-8a2d-f6c8d01156b7_Foodgrain%20Bulletin%20fot%20November,%202024.pdf",
2021-22,TPDS_TideOver,wheat,allocation,7.61,"https://dfpd.gov.in/WriteReadData/FoodBulletinUploadDocuments/8e0ba45f-affc-4309-8a2d-f6c8d01156b7_Foodgrain%20Bulletin%20fot%20November,%202024.pdf",
2021-22,Welfare_Institutions_Hostels,rice,allocation,2.68,"https://dfpd.gov.in/WriteReadData/FoodBulletinUploadDocuments/8e0ba45f-affc-4309-8a2d-f6c8d01156b7_Foodgrain%20Bulletin%20fot%20November,%202024.pdf",
2021-22,Welfare_Institutions_Hostels,wheat,allocation,0.54,"https://dfpd.gov.in/WriteReadData/FoodBulletinUploadDocuments/8e0ba45f-affc-4309-8a2d-f6c8d01156b7_Foodgrain%20Bulletin%20fot%20November,%202024.pdf",
2021-22,SAG_AdolescentGirls,rice,allocation,0.02,"https://dfpd.gov.in/WriteReadData/FoodBulletinUploadDocuments/8e0ba45f-affc-4309-8a2d-f6c8d01156b7_Foodgrain%20Bulletin%20fot%20November,%202024.pdf",
2021-22,SAG_AdolescentGirls,wheat,allocation,0.04,"https://dfpd.gov.in/WriteReadData/FoodBulletinUploadDocuments/8e0ba45f-affc-4309-8a2d-f6c8d01156b7_Foodgrain%20Bulletin%20fot%20November,%202024.pdf",
2021-22,Annapurna,rice,allocation,0.0,"https://dfpd.gov.in/WriteReadData/FoodBulletinUploadDocuments/8e0ba45f-affc-4309-8a2d-f6c8d01156b7_Foodgrain%20Bulletin%20fot%20November,%202024.pdf",
2021-22,Annapurna,wheat,allocation,0.0,"https://dfpd.gov.in/WriteReadData/FoodBulletinUploadDocuments/8e0ba45f-affc-4309-8a2d-f6c8d01156b7_Foodgrain%20Bulletin%20fot%20November,%202024.pdf",
2021-22,Natural_Calamity_Relief,rice,allocation,0.02,"https://dfpd.gov.in/WriteReadData/FoodBulletinUploadDocuments/8e0ba45f-affc-4309-8a2d-f6c8d01156b7_Foodgrain%20Bulletin%20fot%20November,%202024.pdf",
2021-22,Natural_Calamity_Relief,wheat,allocation,0.02,"https://dfpd.gov.in/WriteReadData/FoodBulletinUploadDocuments/8e0ba45f-affc-4309-8a2d-f6c8d01156b7_Foodgrain%20Bulletin%20fot%20November,%202024.pdf",
2021-22,Festivals_AddlAllocation,rice,allocation,1.42,"https://dfpd.gov.in/WriteReadData/FoodBulletinUploadDocuments/8e0ba45f-affc-4309-8a2d-f6c8d01156b7_Foodgrain%20Bulletin%20fot%20November,%202024.pdf",
2021-22,Festivals_AddlAllocation,wheat,allocation,1.39,"https://dfpd.gov.in/WriteReadData/FoodBulletinUploadDocuments/8e0ba45f-affc-4309-8a2d-f6c8d01156b7_Foodgrain%20Bulletin%20fot%20November,%202024.pdf",
2021-22,Defence_ITBP,rice,allocation,1.25,"https://dfpd.gov.in/WriteReadData/FoodBulletinUploadDocuments/8e0ba45f-affc-4309-8a2d-f6c8d01156b7_Foodgrain%20Bulletin%20fot%20November,%202024.pdf",
2021-22,Defence_ITBP,wheat,allocation,0.06,"https://dfpd.gov.in/WriteReadData/FoodBulletinUploadDocuments/8e0ba45f-affc-4309-8a2d-f6c8d01156b7_Foodgrain%20Bulletin%20fot%20November,%202024.pdf",
2021-22,OMSS_Domestic,rice,allocation,12.97,"https://dfpd.gov.in/WriteReadData/FoodBulletinUploadDocuments/8e0ba45f-affc-4309-8a2d-f6c8d01156b7_Foodgrain%20Bulletin%20fot%20November,%202024.pdf",
2021-22,OMSS_Domestic,wheat,allocation,70.93,"https://dfpd.gov.in/WriteReadData/FoodBulletinUploadDocuments/8e0ba45f-affc-4309-8a2d-f6c8d01156b7_Foodgrain%20Bulletin%20fot%20November,%202024.pdf",
2021-22,WFP_Export,rice,allocation,0.03,"https://dfpd.gov.in/WriteReadData/FoodBulletinUploadDocuments/8e0ba45f-affc-4309-8a2d-f6c8d01156b7_Foodgrain%20Bulletin%20fot%20November,%202024.pdf",
2021-22,WFP_Export,wheat,allocation,0.1,"https://dfpd.gov.in/WriteReadData/FoodBulletinUploadDocuments/8e0ba45f-affc-4309-8a2d-f6c8d01156b7_Foodgrain%20Bulletin%20fot%20November,%202024.pdf",
2021-22,TOTAL,rice,allocation,354.21,"https://dfpd.gov.in/WriteReadData/FoodBulletinUploadDocuments/8e0ba45f-affc-4309-8a2d-f6c8d01156b7_Foodgrain%20Bulletin%20fot%20November,%202024.pdf",
2021-22,TOTAL,wheat,allocation,338.16,"https://dfpd.gov.in/WriteReadData/FoodBulletinUploadDocuments/8e0ba45f-affc-4309-8a2d-f6c8d01156b7_Foodgrain%20Bulletin%20fot%20November,%202024.pdf",
2021-22,NFSA_TPDS,rice,offtake,252.05,"https://dfpd.gov.in/WriteReadData/FoodBulletinUploadDocuments/8e0ba45f-affc-4309-8a2d-f6c8d01156b7_Foodgrain%20Bulletin%20fot%20November,%202024.pdf",
2021-22,NFSA_TPDS,wheat,offtake,210.87,"https://dfpd.gov.in/WriteReadData/FoodBulletinUploadDocuments/8e0ba45f-affc-4309-8a2d-f6c8d01156b7_Foodgrain%20Bulletin%20fot%20November,%202024.pdf",
2021-22,ICDS_WBNP,rice,offtake,8.37,"https://dfpd.gov.in/WriteReadData/FoodBulletinUploadDocuments/8e0ba45f-affc-4309-8a2d-f6c8d01156b7_Foodgrain%20Bulletin%20fot%20November,%202024.pdf",
2021-22,ICDS_WBNP,wheat,offtake,8.43,"https://dfpd.gov.in/WriteReadData/FoodBulletinUploadDocuments/8e0ba45f-affc-4309-8a2d-f6c8d01156b7_Foodgrain%20Bulletin%20fot%20November,%202024.pdf",
2021-22,PM_POSHAN_MDM,rice,offtake,20.39,"https://dfpd.gov.in/WriteReadData/FoodBulletinUploadDocuments/8e0ba45f-affc-4309-8a2d-f6c8d01156b7_Foodgrain%20Bulletin%20fot%20November,%202024.pdf",
2021-22,PM_POSHAN_MDM,wheat,offtake,5.67,"https://dfpd.gov.in/WriteReadData/FoodBulletinUploadDocuments/8e0ba45f-affc-4309-8a2d-f6c8d01156b7_Foodgrain%20Bulletin%20fot%20November,%202024.pdf",
2021-22,TPDS_TideOver,rice,offtake,16.13,"https://dfpd.gov.in/WriteReadData/FoodBulletinUploadDocuments/8e0ba45f-affc-4309-8a2d-f6c8d01156b7_Foodgrain%20Bulletin%20fot%20November,%202024.pdf",
2021-22,TPDS_TideOver,wheat,offtake,6.56,"https://dfpd.gov.in/WriteReadData/FoodBulletinUploadDocuments/8e0ba45f-affc-4309-8a2d-f6c8d01156b7_Foodgrain%20Bulletin%20fot%20November,%202024.pdf",
2021-22,Welfare_Institutions_Hostels,rice,offtake,1.59,"https://dfpd.gov.in/WriteReadData/FoodBulletinUploadDocuments/8e0ba45f-affc-4309-8a2d-f6c8d01156b7_Foodgrain%20Bulletin%20fot%20November,%202024.pdf",
2021-22,Welfare_Institutions_Hostels,wheat,offtake,0.22,"https://dfpd.gov.in/WriteReadData/FoodBulletinUploadDocuments/8e0ba45f-affc-4309-8a2d-f6c8d01156b7_Foodgrain%20Bulletin%20fot%20November,%202024.pdf",
2021-22,SAG_AdolescentGirls,rice,offtake,0.01,"https://dfpd.gov.in/WriteReadData/FoodBulletinUploadDocuments/8e0ba45f-affc-4309-8a2d-f6c8d01156b7_Foodgrain%20Bulletin%20fot%20November,%202024.pdf",
2021-22,SAG_AdolescentGirls,wheat,offtake,0.02,"https://dfpd.gov.in/WriteReadData/FoodBulletinUploadDocuments/8e0ba45f-affc-4309-8a2d-f6c8d01156b7_Foodgrain%20Bulletin%20fot%20November,%202024.pdf",
2021-22,Annapurna,rice,offtake,0.05,"https://dfpd.gov.in/WriteReadData/FoodBulletinUploadDocuments/8e0ba45f-affc-4309-8a2d-f6c8d01156b7_Foodgrain%20Bulletin%20fot%20November,%202024.pdf",
2021-22,Annapurna,wheat,offtake,0.0,"https://dfpd.gov.in/WriteReadData/FoodBulletinUploadDocuments/8e0ba45f-affc-4309-8a2d-f6c8d01156b7_Foodgrain%20Bulletin%20fot%20November,%202024.pdf",
2021-22,Natural_Calamity_Relief,rice,offtake,0.0,"https://dfpd.gov.in/WriteReadData/FoodBulletinUploadDocuments/8e0ba45f-affc-4309-8a2d-f6c8d01156b7_Foodgrain%20Bulletin%20fot%20November,%202024.pdf",
2021-22,Natural_Calamity_Relief,wheat,offtake,0.01,"https://dfpd.gov.in/WriteReadData/FoodBulletinUploadDocuments/8e0ba45f-affc-4309-8a2d-f6c8d01156b7_Foodgrain%20Bulletin%20fot%20November,%202024.pdf",
2021-22,Festivals_AddlAllocation,rice,offtake,0.29,"https://dfpd.gov.in/WriteReadData/FoodBulletinUploadDocuments/8e0ba45f-affc-4309-8a2d-f6c8d01156b7_Foodgrain%20Bulletin%20fot%20November,%202024.pdf",
2021-22,Festivals_AddlAllocation,wheat,offtake,0.43,"https://dfpd.gov.in/WriteReadData/FoodBulletinUploadDocuments/8e0ba45f-affc-4309-8a2d-f6c8d01156b7_Foodgrain%20Bulletin%20fot%20November,%202024.pdf",
2021-22,Defence_ITBP,rice,offtake,1.04,"https://dfpd.gov.in/WriteReadData/FoodBulletinUploadDocuments/8e0ba45f-affc-4309-8a2d-f6c8d01156b7_Foodgrain%20Bulletin%20fot%20November,%202024.pdf",
2021-22,Defence_ITBP,wheat,offtake,0.05,"https://dfpd.gov.in/WriteReadData/FoodBulletinUploadDocuments/8e0ba45f-affc-4309-8a2d-f6c8d01156b7_Foodgrain%20Bulletin%20fot%20November,%202024.pdf",
2021-22,OMSS_Domestic,rice,offtake,12.97,"https://dfpd.gov.in/WriteReadData/FoodBulletinUploadDocuments/8e0ba45f-affc-4309-8a2d-f6c8d01156b7_Foodgrain%20Bulletin%20fot%20November,%202024.pdf",
2021-22,OMSS_Domestic,wheat,offtake,70.93,"https://dfpd.gov.in/WriteReadData/FoodBulletinUploadDocuments/8e0ba45f-affc-4309-8a2d-f6c8d01156b7_Foodgrain%20Bulletin%20fot%20November,%202024.pdf",
2021-22,WFP_Export,rice,offtake,0.03,"https://dfpd.gov.in/WriteReadData/FoodBulletinUploadDocuments/8e0ba45f-affc-4309-8a2d-f6c8d01156b7_Foodgrain%20Bulletin%20fot%20November,%202024.pdf",
2021-22,WFP_Export,wheat,offtake,0.1,"https://dfpd.gov.in/WriteReadData/FoodBulletinUploadDocuments/8e0ba45f-affc-4309-8a2d-f6c8d01156b7_Foodgrain%20Bulletin%20fot%20November,%202024.pdf",
2021-22,TOTAL,rice,offtake,312.92,"https://dfpd.gov.in/WriteReadData/FoodBulletinUploadDocuments/8e0ba45f-affc-4309-8a2d-f6c8d01156b7_Foodgrain%20Bulletin%20fot%20November,%202024.pdf",
2021-22,TOTAL,wheat,offtake,303.29,"https://dfpd.gov.in/WriteReadData/FoodBulletinUploadDocuments/8e0ba45f-affc-4309-8a2d-f6c8d01156b7_Foodgrain%20Bulletin%20fot%20November,%202024.pdf",
2022-23,NFSA_TPDS,rice,allocation,349.15,"https://dfpd.gov.in/WriteReadData/FoodBulletinUploadDocuments/8e0ba45f-affc-4309-8a2d-f6c8d01156b7_Foodgrain%20Bulletin%20fot%20November,%202024.pdf",
2022-23,NFSA_TPDS,wheat,allocation,175.41,"https://dfpd.gov.in/WriteReadData/FoodBulletinUploadDocuments/8e0ba45f-affc-4309-8a2d-f6c8d01156b7_Foodgrain%20Bulletin%20fot%20November,%202024.pdf",
2022-23,ICDS_WBNP,rice,allocation,12.28,"https://dfpd.gov.in/WriteReadData/FoodBulletinUploadDocuments/8e0ba45f-affc-4309-8a2d-f6c8d01156b7_Foodgrain%20Bulletin%20fot%20November,%202024.pdf",
2022-23,ICDS_WBNP,wheat,allocation,11.32,"https://dfpd.gov.in/WriteReadData/FoodBulletinUploadDocuments/8e0ba45f-affc-4309-8a2d-f6c8d01156b7_Foodgrain%20Bulletin%20fot%20November,%202024.pdf",
2022-23,PM_POSHAN_MDM,rice,allocation,23.05,"https://dfpd.gov.in/WriteReadData/FoodBulletinUploadDocuments/8e0ba45f-affc-4309-8a2d-f6c8d01156b7_Foodgrain%20Bulletin%20fot%20November,%202024.pdf",
2022-23,PM_POSHAN_MDM,wheat,allocation,4.36,"https://dfpd.gov.in/WriteReadData/FoodBulletinUploadDocuments/8e0ba45f-affc-4309-8a2d-f6c8d01156b7_Foodgrain%20Bulletin%20fot%20November,%202024.pdf",
2022-23,TPDS_TideOver,rice,allocation,20.87,"https://dfpd.gov.in/WriteReadData/FoodBulletinUploadDocuments/8e0ba45f-affc-4309-8a2d-f6c8d01156b7_Foodgrain%20Bulletin%20fot%20November,%202024.pdf",
2022-23,TPDS_TideOver,wheat,allocation,5.53,"https://dfpd.gov.in/WriteReadData/FoodBulletinUploadDocuments/8e0ba45f-affc-4309-8a2d-f6c8d01156b7_Foodgrain%20Bulletin%20fot%20November,%202024.pdf",
2022-23,Welfare_Institutions_Hostels,rice,allocation,3.07,"https://dfpd.gov.in/WriteReadData/FoodBulletinUploadDocuments/8e0ba45f-affc-4309-8a2d-f6c8d01156b7_Foodgrain%20Bulletin%20fot%20November,%202024.pdf",
2022-23,Welfare_Institutions_Hostels,wheat,allocation,0.43,"https://dfpd.gov.in/WriteReadData/FoodBulletinUploadDocuments/8e0ba45f-affc-4309-8a2d-f6c8d01156b7_Foodgrain%20Bulletin%20fot%20November,%202024.pdf",
2022-23,SAG_AdolescentGirls,rice,allocation,0.3,"https://dfpd.gov.in/WriteReadData/FoodBulletinUploadDocuments/8e0ba45f-affc-4309-8a2d-f6c8d01156b7_Foodgrain%20Bulletin%20fot%20November,%202024.pdf",
2022-23,SAG_AdolescentGirls,wheat,allocation,0.2,"https://dfpd.gov.in/WriteReadData/FoodBulletinUploadDocuments/8e0ba45f-affc-4309-8a2d-f6c8d01156b7_Foodgrain%20Bulletin%20fot%20November,%202024.pdf",
2022-23,Annapurna,rice,allocation,0.0,"https://dfpd.gov.in/WriteReadData/FoodBulletinUploadDocuments/8e0ba45f-affc-4309-8a2d-f6c8d01156b7_Foodgrain%20Bulletin%20fot%20November,%202024.pdf",
2022-23,Annapurna,wheat,allocation,0.0,"https://dfpd.gov.in/WriteReadData/FoodBulletinUploadDocuments/8e0ba45f-affc-4309-8a2d-f6c8d01156b7_Foodgrain%20Bulletin%20fot%20November,%202024.pdf",
2022-23,Natural_Calamity_Relief,rice,allocation,0.0,"https://dfpd.gov.in/WriteReadData/FoodBulletinUploadDocuments/8e0ba45f-affc-4309-8a2d-f6c8d01156b7_Foodgrain%20Bulletin%20fot%20November,%202024.pdf",
2022-23,Natural_Calamity_Relief,wheat,allocation,0.0,"https://dfpd.gov.in/WriteReadData/FoodBulletinUploadDocuments/8e0ba45f-affc-4309-8a2d-f6c8d01156b7_Foodgrain%20Bulletin%20fot%20November,%202024.pdf",
2022-23,Festivals_AddlAllocation,rice,allocation,0.96,"https://dfpd.gov.in/WriteReadData/FoodBulletinUploadDocuments/8e0ba45f-affc-4309-8a2d-f6c8d01156b7_Foodgrain%20Bulletin%20fot%20November,%202024.pdf",
2022-23,Festivals_AddlAllocation,wheat,allocation,0.6,"https://dfpd.gov.in/WriteReadData/FoodBulletinUploadDocuments/8e0ba45f-affc-4309-8a2d-f6c8d01156b7_Foodgrain%20Bulletin%20fot%20November,%202024.pdf",
2022-23,Defence_ITBP,rice,allocation,1.26,"https://dfpd.gov.in/WriteReadData/FoodBulletinUploadDocuments/8e0ba45f-affc-4309-8a2d-f6c8d01156b7_Foodgrain%20Bulletin%20fot%20November,%202024.pdf",
2022-23,Defence_ITBP,wheat,allocation,0.06,"https://dfpd.gov.in/WriteReadData/FoodBulletinUploadDocuments/8e0ba45f-affc-4309-8a2d-f6c8d01156b7_Foodgrain%20Bulletin%20fot%20November,%202024.pdf",
2022-23,OMSS_Domestic,rice,allocation,17.84,"https://dfpd.gov.in/WriteReadData/FoodBulletinUploadDocuments/8e0ba45f-affc-4309-8a2d-f6c8d01156b7_Foodgrain%20Bulletin%20fot%20November,%202024.pdf",
2022-23,OMSS_Domestic,wheat,allocation,35.72,"https://dfpd.gov.in/WriteReadData/FoodBulletinUploadDocuments/8e0ba45f-affc-4309-8a2d-f6c8d01156b7_Foodgrain%20Bulletin%20fot%20November,%202024.pdf",
2022-23,WFP_Export,rice,allocation,0.0,"https://dfpd.gov.in/WriteReadData/FoodBulletinUploadDocuments/8e0ba45f-affc-4309-8a2d-f6c8d01156b7_Foodgrain%20Bulletin%20fot%20November,%202024.pdf",
2022-23,WFP_Export,wheat,allocation,0.0,"https://dfpd.gov.in/WriteReadData/FoodBulletinUploadDocuments/8e0ba45f-affc-4309-8a2d-f6c8d01156b7_Foodgrain%20Bulletin%20fot%20November,%202024.pdf",
2022-23,TOTAL,rice,allocation,428.78,"https://dfpd.gov.in/WriteReadData/FoodBulletinUploadDocuments/8e0ba45f-affc-4309-8a2d-f6c8d01156b7_Foodgrain%20Bulletin%20fot%20November,%202024.pdf",
2022-23,TOTAL,wheat,allocation,233.63,"https://dfpd.gov.in/WriteReadData/FoodBulletinUploadDocuments/8e0ba45f-affc-4309-8a2d-f6c8d01156b7_Foodgrain%20Bulletin%20fot%20November,%202024.pdf",
2022-23,NFSA_TPDS,rice,offtake,323.87,"https://dfpd.gov.in/WriteReadData/FoodBulletinUploadDocuments/8e0ba45f-affc-4309-8a2d-f6c8d01156b7_Foodgrain%20Bulletin%20fot%20November,%202024.pdf",
2022-23,NFSA_TPDS,wheat,offtake,166.54,"https://dfpd.gov.in/WriteReadData/FoodBulletinUploadDocuments/8e0ba45f-affc-4309-8a2d-f6c8d01156b7_Foodgrain%20Bulletin%20fot%20November,%202024.pdf",
2022-23,ICDS_WBNP,rice,offtake,8.64,"https://dfpd.gov.in/WriteReadData/FoodBulletinUploadDocuments/8e0ba45f-affc-4309-8a2d-f6c8d01156b7_Foodgrain%20Bulletin%20fot%20November,%202024.pdf",
2022-23,ICDS_WBNP,wheat,offtake,9.3,"https://dfpd.gov.in/WriteReadData/FoodBulletinUploadDocuments/8e0ba45f-affc-4309-8a2d-f6c8d01156b7_Foodgrain%20Bulletin%20fot%20November,%202024.pdf",
2022-23,PM_POSHAN_MDM,rice,offtake,19.49,"https://dfpd.gov.in/WriteReadData/FoodBulletinUploadDocuments/8e0ba45f-affc-4309-8a2d-f6c8d01156b7_Foodgrain%20Bulletin%20fot%20November,%202024.pdf",
2022-23,PM_POSHAN_MDM,wheat,offtake,4.55,"https://dfpd.gov.in/WriteReadData/FoodBulletinUploadDocuments/8e0ba45f-affc-4309-8a2d-f6c8d01156b7_Foodgrain%20Bulletin%20fot%20November,%202024.pdf",
2022-23,TPDS_TideOver,rice,offtake,17.94,"https://dfpd.gov.in/WriteReadData/FoodBulletinUploadDocuments/8e0ba45f-affc-4309-8a2d-f6c8d01156b7_Foodgrain%20Bulletin%20fot%20November,%202024.pdf",
2022-23,TPDS_TideOver,wheat,offtake,4.8,"https://dfpd.gov.in/WriteReadData/FoodBulletinUploadDocuments/8e0ba45f-affc-4309-8a2d-f6c8d01156b7_Foodgrain%20Bulletin%20fot%20November,%202024.pdf",
2022-23,Welfare_Institutions_Hostels,rice,offtake,3.09,"https://dfpd.gov.in/WriteReadData/FoodBulletinUploadDocuments/8e0ba45f-affc-4309-8a2d-f6c8d01156b7_Foodgrain%20Bulletin%20fot%20November,%202024.pdf",
2022-23,Welfare_Institutions_Hostels,wheat,offtake,0.42,"https://dfpd.gov.in/WriteReadData/FoodBulletinUploadDocuments/8e0ba45f-affc-4309-8a2d-f6c8d01156b7_Foodgrain%20Bulletin%20fot%20November,%202024.pdf",
2022-23,SAG_AdolescentGirls,rice,offtake,0.01,"https://dfpd.gov.in/WriteReadData/FoodBulletinUploadDocuments/8e0ba45f-affc-4309-8a2d-f6c8d01156b7_Foodgrain%20Bulletin%20fot%20November,%202024.pdf",
2022-23,SAG_AdolescentGirls,wheat,offtake,0.04,"https://dfpd.gov.in/WriteReadData/FoodBulletinUploadDocuments/8e0ba45f-affc-4309-8a2d-f6c8d01156b7_Foodgrain%20Bulletin%20fot%20November,%202024.pdf",
2022-23,Annapurna,rice,offtake,0.0,"https://dfpd.gov.in/WriteReadData/FoodBulletinUploadDocuments/8e0ba45f-affc-4309-8a2d-f6c8d01156b7_Foodgrain%20Bulletin%20fot%20November,%202024.pdf",
2022-23,Annapurna,wheat,offtake,0.0,"https://dfpd.gov.in/WriteReadData/FoodBulletinUploadDocuments/8e0ba45f-affc-4309-8a2d-f6c8d01156b7_Foodgrain%20Bulletin%20fot%20November,%202024.pdf",
2022-23,Natural_Calamity_Relief,rice,offtake,0.0,"https://dfpd.gov.in/WriteReadData/FoodBulletinUploadDocuments/8e0ba45f-affc-4309-8a2d-f6c8d01156b7_Foodgrain%20Bulletin%20fot%20November,%202024.pdf",
2022-23,Natural_Calamity_Relief,wheat,offtake,0.0,"https://dfpd.gov.in/WriteReadData/FoodBulletinUploadDocuments/8e0ba45f-affc-4309-8a2d-f6c8d01156b7_Foodgrain%20Bulletin%20fot%20November,%202024.pdf",
2022-23,Festivals_AddlAllocation,rice,offtake,0.04,"https://dfpd.gov.in/WriteReadData/FoodBulletinUploadDocuments/8e0ba45f-affc-4309-8a2d-f6c8d01156b7_Foodgrain%20Bulletin%20fot%20November,%202024.pdf",
2022-23,Festivals_AddlAllocation,wheat,offtake,0.01,"https://dfpd.gov.in/WriteReadData/FoodBulletinUploadDocuments/8e0ba45f-affc-4309-8a2d-f6c8d01156b7_Foodgrain%20Bulletin%20fot%20November,%202024.pdf",
2022-23,Defence_ITBP,rice,offtake,0.96,"https://dfpd.gov.in/WriteReadData/FoodBulletinUploadDocuments/8e0ba45f-affc-4309-8a2d-f6c8d01156b7_Foodgrain%20Bulletin%20fot%20November,%202024.pdf",
2022-23,Defence_ITBP,wheat,offtake,0.05,"https://dfpd.gov.in/WriteReadData/FoodBulletinUploadDocuments/8e0ba45f-affc-4309-8a2d-f6c8d01156b7_Foodgrain%20Bulletin%20fot%20November,%202024.pdf",
2022-23,OMSS_Domestic,rice,offtake,17.84,"https://dfpd.gov.in/WriteReadData/FoodBulletinUploadDocuments/8e0ba45f-affc-4309-8a2d-f6c8d01156b7_Foodgrain%20Bulletin%20fot%20November,%202024.pdf",
2022-23,OMSS_Domestic,wheat,offtake,35.72,"https://dfpd.gov.in/WriteReadData/FoodBulletinUploadDocuments/8e0ba45f-affc-4309-8a2d-f6c8d01156b7_Foodgrain%20Bulletin%20fot%20November,%202024.pdf",
2022-23,WFP_Export,rice,offtake,0.0,"https://dfpd.gov.in/WriteReadData/FoodBulletinUploadDocuments/8e0ba45f-affc-4309-8a2d-f6c8d01156b7_Foodgrain%20Bulletin%20fot%20November,%202024.pdf",
2022-23,WFP_Export,wheat,offtake,0.0,"https://dfpd.gov.in/WriteReadData/FoodBulletinUploadDocuments/8e0ba45f-affc-4309-8a2d-f6c8d01156b7_Foodgrain%20Bulletin%20fot%20November,%202024.pdf",
2022-23,TOTAL,rice,offtake,391.88,"https://dfpd.gov.in/WriteReadData/FoodBulletinUploadDocuments/8e0ba45f-affc-4309-8a2d-f6c8d01156b7_Foodgrain%20Bulletin%20fot%20November,%202024.pdf",
2022-23,TOTAL,wheat,offtake,221.43,"https://dfpd.gov.in/WriteReadData/FoodBulletinUploadDocuments/8e0ba45f-affc-4309-8a2d-f6c8d01156b7_Foodgrain%20Bulletin%20fot%20November,%202024.pdf",
2023-24,NFSA_TPDS,rice,allocation,362.2,"https://dfpd.gov.in/WriteReadData/FoodBulletinUploadDocuments/8e0ba45f-affc-4309-8a2d-f6c8d01156b7_Foodgrain%20Bulletin%20fot%20November,%202024.pdf",
2023-24,NFSA_TPDS,wheat,allocation,165.17,"https://dfpd.gov.in/WriteReadData/FoodBulletinUploadDocuments/8e0ba45f-affc-4309-8a2d-f6c8d01156b7_Foodgrain%20Bulletin%20fot%20November,%202024.pdf",
2023-24,ICDS_WBNP,rice,allocation,12.83,"https://dfpd.gov.in/WriteReadData/FoodBulletinUploadDocuments/8e0ba45f-affc-4309-8a2d-f6c8d01156b7_Foodgrain%20Bulletin%20fot%20November,%202024.pdf",
2023-24,ICDS_WBNP,wheat,allocation,11.28,"https://dfpd.gov.in/WriteReadData/FoodBulletinUploadDocuments/8e0ba45f-affc-4309-8a2d-f6c8d01156b7_Foodgrain%20Bulletin%20fot%20November,%202024.pdf",
2023-24,PM_POSHAN_MDM,rice,allocation,19.36,"https://dfpd.gov.in/WriteReadData/FoodBulletinUploadDocuments/8e0ba45f-affc-4309-8a2d-f6c8d01156b7_Foodgrain%20Bulletin%20fot%20November,%202024.pdf",
2023-24,PM_POSHAN_MDM,wheat,allocation,4.26,"https://dfpd.gov.in/WriteReadData/FoodBulletinUploadDocuments/8e0ba45f-affc-4309-8a2d-f6c8d01156b7_Foodgrain%20Bulletin%20fot%20November,%202024.pdf",
2023-24,TPDS_TideOver,rice,allocation,21.25,"https://dfpd.gov.in/WriteReadData/FoodBulletinUploadDocuments/8e0ba45f-affc-4309-8a2d-f6c8d01156b7_Foodgrain%20Bulletin%20fot%20November,%202024.pdf",
2023-24,TPDS_TideOver,wheat,allocation,5.03,"https://dfpd.gov.in/WriteReadData/FoodBulletinUploadDocuments/8e0ba45f-affc-4309-8a2d-f6c8d01156b7_Foodgrain%20Bulletin%20fot%20November,%202024.pdf",
2023-24,Welfare_Institutions_Hostels,rice,allocation,4.28,"https://dfpd.gov.in/WriteReadData/FoodBulletinUploadDocuments/8e0ba45f-affc-4309-8a2d-f6c8d01156b7_Foodgrain%20Bulletin%20fot%20November,%202024.pdf",
2023-24,Welfare_Institutions_Hostels,wheat,allocation,1.04,"https://dfpd.gov.in/WriteReadData/FoodBulletinUploadDocuments/8e0ba45f-affc-4309-8a2d-f6c8d01156b7_Foodgrain%20Bulletin%20fot%20November,%202024.pdf",
2023-24,SAG_AdolescentGirls,rice,allocation,0.225,"https://dfpd.gov.in/WriteReadData/FoodBulletinUploadDocuments/8e0ba45f-affc-4309-8a2d-f6c8d01156b7_Foodgrain%20Bulletin%20fot%20November,%202024.pdf",
2023-24,SAG_AdolescentGirls,wheat,allocation,0.225,"https://dfpd.gov.in/WriteReadData/FoodBulletinUploadDocuments/8e0ba45f-affc-4309-8a2d-f6c8d01156b7_Foodgrain%20Bulletin%20fot%20November,%202024.pdf",
2023-24,Annapurna,rice,allocation,0.0,"https://dfpd.gov.in/WriteReadData/FoodBulletinUploadDocuments/8e0ba45f-affc-4309-8a2d-f6c8d01156b7_Foodgrain%20Bulletin%20fot%20November,%202024.pdf",
2023-24,Annapurna,wheat,allocation,0.0,"https://dfpd.gov.in/WriteReadData/FoodBulletinUploadDocuments/8e0ba45f-affc-4309-8a2d-f6c8d01156b7_Foodgrain%20Bulletin%20fot%20November,%202024.pdf",
2023-24,Natural_Calamity_Relief,rice,allocation,0.3,"https://dfpd.gov.in/WriteReadData/FoodBulletinUploadDocuments/8e0ba45f-affc-4309-8a2d-f6c8d01156b7_Foodgrain%20Bulletin%20fot%20November,%202024.pdf",
2023-24,Natural_Calamity_Relief,wheat,allocation,0.0,"https://dfpd.gov.in/WriteReadData/FoodBulletinUploadDocuments/8e0ba45f-affc-4309-8a2d-f6c8d01156b7_Foodgrain%20Bulletin%20fot%20November,%202024.pdf",
2023-24,Festivals_AddlAllocation,rice,allocation,1.16,"https://dfpd.gov.in/WriteReadData/FoodBulletinUploadDocuments/8e0ba45f-affc-4309-8a2d-f6c8d01156b7_Foodgrain%20Bulletin%20fot%20November,%202024.pdf",
2023-24,Festivals_AddlAllocation,wheat,allocation,0.98,"https://dfpd.gov.in/WriteReadData/FoodBulletinUploadDocuments/8e0ba45f-affc-4309-8a2d-f6c8d01156b7_Foodgrain%20Bulletin%20fot%20November,%202024.pdf",
2023-24,Defence_ITBP,rice,allocation,1.21,"https://dfpd.gov.in/WriteReadData/FoodBulletinUploadDocuments/8e0ba45f-affc-4309-8a2d-f6c8d01156b7_Foodgrain%20Bulletin%20fot%20November,%202024.pdf",
2023-24,Defence_ITBP,wheat,allocation,0.05,"https://dfpd.gov.in/WriteReadData/FoodBulletinUploadDocuments/8e0ba45f-affc-4309-8a2d-f6c8d01156b7_Foodgrain%20Bulletin%20fot%20November,%202024.pdf",
2023-24,OMSS_Domestic,rice,allocation,17.25,"https://dfpd.gov.in/WriteReadData/FoodBulletinUploadDocuments/8e0ba45f-affc-4309-8a2d-f6c8d01156b7_Foodgrain%20Bulletin%20fot%20November,%202024.pdf",
2023-24,OMSS_Domestic,wheat,allocation,100.83,"https://dfpd.gov.in/WriteReadData/FoodBulletinUploadDocuments/8e0ba45f-affc-4309-8a2d-f6c8d01156b7_Foodgrain%20Bulletin%20fot%20November,%202024.pdf",
2023-24,WFP_Export,rice,allocation,0.0,"https://dfpd.gov.in/WriteReadData/FoodBulletinUploadDocuments/8e0ba45f-affc-4309-8a2d-f6c8d01156b7_Foodgrain%20Bulletin%20fot%20November,%202024.pdf",
2023-24,WFP_Export,wheat,allocation,0.0,"https://dfpd.gov.in/WriteReadData/FoodBulletinUploadDocuments/8e0ba45f-affc-4309-8a2d-f6c8d01156b7_Foodgrain%20Bulletin%20fot%20November,%202024.pdf",
2023-24,TOTAL,rice,allocation,440.07,"https://dfpd.gov.in/WriteReadData/FoodBulletinUploadDocuments/8e0ba45f-affc-4309-8a2d-f6c8d01156b7_Foodgrain%20Bulletin%20fot%20November,%202024.pdf",
2023-24,TOTAL,wheat,allocation,288.87,"https://dfpd.gov.in/WriteReadData/FoodBulletinUploadDocuments/8e0ba45f-affc-4309-8a2d-f6c8d01156b7_Foodgrain%20Bulletin%20fot%20November,%202024.pdf",
2023-24,NFSA_TPDS,rice,offtake,340.9,"https://dfpd.gov.in/WriteReadData/FoodBulletinUploadDocuments/8e0ba45f-affc-4309-8a2d-f6c8d01156b7_Foodgrain%20Bulletin%20fot%20November,%202024.pdf",
2023-24,NFSA_TPDS,wheat,offtake,152.08,"https://dfpd.gov.in/WriteReadData/FoodBulletinUploadDocuments/8e0ba45f-affc-4309-8a2d-f6c8d01156b7_Foodgrain%20Bulletin%20fot%20November,%202024.pdf",
2023-24,ICDS_WBNP,rice,offtake,7.76,"https://dfpd.gov.in/WriteReadData/FoodBulletinUploadDocuments/8e0ba45f-affc-4309-8a2d-f6c8d01156b7_Foodgrain%20Bulletin%20fot%20November,%202024.pdf",
2023-24,ICDS_WBNP,wheat,offtake,9.34,"https://dfpd.gov.in/WriteReadData/FoodBulletinUploadDocuments/8e0ba45f-affc-4309-8a2d-f6c8d01156b7_Foodgrain%20Bulletin%20fot%20November,%202024.pdf",
2023-24,PM_POSHAN_MDM,rice,offtake,17.55,"https://dfpd.gov.in/WriteReadData/FoodBulletinUploadDocuments/8e0ba45f-affc-4309-8a2d-f6c8d01156b7_Foodgrain%20Bulletin%20fot%20November,%202024.pdf",
2023-24,PM_POSHAN_MDM,wheat,offtake,3.78,"https://dfpd.gov.in/WriteReadData/FoodBulletinUploadDocuments/8e0ba45f-affc-4309-8a2d-f6c8d01156b7_Foodgrain%20Bulletin%20fot%20November,%202024.pdf",
2023-24,TPDS_TideOver,rice,offtake,17.22,"https://dfpd.gov.in/WriteReadData/FoodBulletinUploadDocuments/8e0ba45f-affc-4309-8a2d-f6c8d01156b7_Foodgrain%20Bulletin%20fot%20November,%202024.pdf",
2023-24,TPDS_TideOver,wheat,offtake,4.64,"https://dfpd.gov.in/WriteReadData/FoodBulletinUploadDocuments/8e0ba45f-affc-4309-8a2d-f6c8d01156b7_Foodgrain%20Bulletin%20fot%20November,%202024.pdf",
2023-24,Welfare_Institutions_Hostels,rice,offtake,3.21,"https://dfpd.gov.in/WriteReadData/FoodBulletinUploadDocuments/8e0ba45f-affc-4309-8a2d-f6c8d01156b7_Foodgrain%20Bulletin%20fot%20November,%202024.pdf",
2023-24,Welfare_Institutions_Hostels,wheat,offtake,0.93,"https://dfpd.gov.in/WriteReadData/FoodBulletinUploadDocuments/8e0ba45f-affc-4309-8a2d-f6c8d01156b7_Foodgrain%20Bulletin%20fot%20November,%202024.pdf",
2023-24,SAG_AdolescentGirls,rice,offtake,0.05,"https://dfpd.gov.in/WriteReadData/FoodBulletinUploadDocuments/8e0ba45f-affc-4309-8a2d-f6c8d01156b7_Foodgrain%20Bulletin%20fot%20November,%202024.pdf",
2023-24,SAG_AdolescentGirls,wheat,offtake,0.12,"https://dfpd.gov.in/WriteReadData/FoodBulletinUploadDocuments/8e0ba45f-affc-4309-8a2d-f6c8d01156b7_Foodgrain%20Bulletin%20fot%20November,%202024.pdf",
2023-24,Annapurna,rice,offtake,0.0,"https://dfpd.gov.in/WriteReadData/FoodBulletinUploadDocuments/8e0ba45f-affc-4309-8a2d-f6c8d01156b7_Foodgrain%20Bulletin%20fot%20November,%202024.pdf",
2023-24,Annapurna,wheat,offtake,0.0,"https://dfpd.gov.in/WriteReadData/FoodBulletinUploadDocuments/8e0ba45f-affc-4309-8a2d-f6c8d01156b7_Foodgrain%20Bulletin%20fot%20November,%202024.pdf",
2023-24,Natural_Calamity_Relief,rice,offtake,0.1,"https://dfpd.gov.in/WriteReadData/FoodBulletinUploadDocuments/8e0ba45f-affc-4309-8a2d-f6c8d01156b7_Foodgrain%20Bulletin%20fot%20November,%202024.pdf",
2023-24,Natural_Calamity_Relief,wheat,offtake,0.0,"https://dfpd.gov.in/WriteReadData/FoodBulletinUploadDocuments/8e0ba45f-affc-4309-8a2d-f6c8d01156b7_Foodgrain%20Bulletin%20fot%20November,%202024.pdf",
2023-24,Festivals_AddlAllocation,rice,offtake,0.12,"https://dfpd.gov.in/WriteReadData/FoodBulletinUploadDocuments/8e0ba45f-affc-4309-8a2d-f6c8d01156b7_Foodgrain%20Bulletin%20fot%20November,%202024.pdf",
2023-24,Festivals_AddlAllocation,wheat,offtake,0.0,"https://dfpd.gov.in/WriteReadData/FoodBulletinUploadDocuments/8e0ba45f-affc-4309-8a2d-f6c8d01156b7_Foodgrain%20Bulletin%20fot%20November,%202024.pdf",
2023-24,Defence_ITBP,rice,offtake,0.98,"https://dfpd.gov.in/WriteReadData/FoodBulletinUploadDocuments/8e0ba45f-affc-4309-8a2d-f6c8d01156b7_Foodgrain%20Bulletin%20fot%20November,%202024.pdf",
2023-24,Defence_ITBP,wheat,offtake,0.05,"https://dfpd.gov.in/WriteReadData/FoodBulletinUploadDocuments/8e0ba45f-affc-4309-8a2d-f6c8d01156b7_Foodgrain%20Bulletin%20fot%20November,%202024.pdf",
2023-24,OMSS_Domestic,rice,offtake,17.25,"https://dfpd.gov.in/WriteReadData/FoodBulletinUploadDocuments/8e0ba45f-affc-4309-8a2d-f6c8d01156b7_Foodgrain%20Bulletin%20fot%20November,%202024.pdf",
2023-24,OMSS_Domestic,wheat,offtake,100.83,"https://dfpd.gov.in/WriteReadData/FoodBulletinUploadDocuments/8e0ba45f-affc-4309-8a2d-f6c8d01156b7_Foodgrain%20Bulletin%20fot%20November,%202024.pdf",
2023-24,WFP_Export,rice,offtake,0.0,"https://dfpd.gov.in/WriteReadData/FoodBulletinUploadDocuments/8e0ba45f-affc-4309-8a2d-f6c8d01156b7_Foodgrain%20Bulletin%20fot%20November,%202024.pdf",
2023-24,WFP_Export,wheat,offtake,0.0,"https://dfpd.gov.in/WriteReadData/FoodBulletinUploadDocuments/8e0ba45f-affc-4309-8a2d-f6c8d01156b7_Foodgrain%20Bulletin%20fot%20November,%202024.pdf",
2023-24,TOTAL,rice,offtake,405.14,"https://dfpd.gov.in/WriteReadData/FoodBulletinUploadDocuments/8e0ba45f-affc-4309-8a2d-f6c8d01156b7_Foodgrain%20Bulletin%20fot%20November,%202024.pdf",
2023-24,TOTAL,wheat,offtake,271.77,"https://dfpd.gov.in/WriteReadData/FoodBulletinUploadDocuments/8e0ba45f-affc-4309-8a2d-f6c8d01156b7_Foodgrain%20Bulletin%20fot%20November,%202024.pdf",
2024-25,NFSA_TPDS,rice,allocation,347.14,"https://dfpd.gov.in/WriteReadData/FoodBulletinUploadDocuments/8e0ba45f-affc-4309-8a2d-f6c8d01156b7_Foodgrain%20Bulletin%20fot%20November,%202024.pdf",2024-25 allocation is annual; offtake up to Nov 2024 (TPDS)/Oct 2024 (OWS)
2024-25,NFSA_TPDS,wheat,allocation,181.69,"https://dfpd.gov.in/WriteReadData/FoodBulletinUploadDocuments/8e0ba45f-affc-4309-8a2d-f6c8d01156b7_Foodgrain%20Bulletin%20fot%20November,%202024.pdf",2024-25 allocation is annual; offtake up to Nov 2024 (TPDS)/Oct 2024 (OWS)
2024-25,ICDS_WBNP,rice,allocation,13.89,"https://dfpd.gov.in/WriteReadData/FoodBulletinUploadDocuments/8e0ba45f-affc-4309-8a2d-f6c8d01156b7_Foodgrain%20Bulletin%20fot%20November,%202024.pdf",2024-25 allocation is annual; offtake up to Nov 2024 (TPDS)/Oct 2024 (OWS)
2024-25,ICDS_WBNP,wheat,allocation,11.74,"https://dfpd.gov.in/WriteReadData/FoodBulletinUploadDocuments/8e0ba45f-affc-4309-8a2d-f6c8d01156b7_Foodgrain%20Bulletin%20fot%20November,%202024.pdf",2024-25 allocation is annual; offtake up to Nov 2024 (TPDS)/Oct 2024 (OWS)
2024-25,PM_POSHAN_MDM,rice,allocation,19.21,"https://dfpd.gov.in/WriteReadData/FoodBulletinUploadDocuments/8e0ba45f-affc-4309-8a2d-f6c8d01156b7_Foodgrain%20Bulletin%20fot%20November,%202024.pdf",2024-25 allocation is annual; offtake up to Nov 2024 (TPDS)/Oct 2024 (OWS)
2024-25,PM_POSHAN_MDM,wheat,allocation,3.76,"https://dfpd.gov.in/WriteReadData/FoodBulletinUploadDocuments/8e0ba45f-affc-4309-8a2d-f6c8d01156b7_Foodgrain%20Bulletin%20fot%20November,%202024.pdf",2024-25 allocation is annual; offtake up to Nov 2024 (TPDS)/Oct 2024 (OWS)
2024-25,TPDS_TideOver,rice,allocation,21.19,"https://dfpd.gov.in/WriteReadData/FoodBulletinUploadDocuments/8e0ba45f-affc-4309-8a2d-f6c8d01156b7_Foodgrain%20Bulletin%20fot%20November,%202024.pdf",2024-25 allocation is annual; offtake up to Nov 2024 (TPDS)/Oct 2024 (OWS)
2024-25,TPDS_TideOver,wheat,allocation,5.04,"https://dfpd.gov.in/WriteReadData/FoodBulletinUploadDocuments/8e0ba45f-affc-4309-8a2d-f6c8d01156b7_Foodgrain%20Bulletin%20fot%20November,%202024.pdf",2024-25 allocation is annual; offtake up to Nov 2024 (TPDS)/Oct 2024 (OWS)
2024-25,Welfare_Institutions_Hostels,rice,allocation,3.24,"https://dfpd.gov.in/WriteReadData/FoodBulletinUploadDocuments/8e0ba45f-affc-4309-8a2d-f6c8d01156b7_Foodgrain%20Bulletin%20fot%20November,%202024.pdf",2024-25 allocation is annual; offtake up to Nov 2024 (TPDS)/Oct 2024 (OWS)
2024-25,Welfare_Institutions_Hostels,wheat,allocation,0.87,"https://dfpd.gov.in/WriteReadData/FoodBulletinUploadDocuments/8e0ba45f-affc-4309-8a2d-f6c8d01156b7_Foodgrain%20Bulletin%20fot%20November,%202024.pdf",2024-25 allocation is annual; offtake up to Nov 2024 (TPDS)/Oct 2024 (OWS)
2024-25,SAG_AdolescentGirls,rice,allocation,0.33,"https://dfpd.gov.in/WriteReadData/FoodBulletinUploadDocuments/8e0ba45f-affc-4309-8a2d-f6c8d01156b7_Foodgrain%20Bulletin%20fot%20November,%202024.pdf",2024-25 allocation is annual; offtake up to Nov 2024 (TPDS)/Oct 2024 (OWS)
2024-25,SAG_AdolescentGirls,wheat,allocation,0.34,"https://dfpd.gov.in/WriteReadData/FoodBulletinUploadDocuments/8e0ba45f-affc-4309-8a2d-f6c8d01156b7_Foodgrain%20Bulletin%20fot%20November,%202024.pdf",2024-25 allocation is annual; offtake up to Nov 2024 (TPDS)/Oct 2024 (OWS)
2024-25,Annapurna,rice,allocation,0.0,"https://dfpd.gov.in/WriteReadData/FoodBulletinUploadDocuments/8e0ba45f-affc-4309-8a2d-f6c8d01156b7_Foodgrain%20Bulletin%20fot%20November,%202024.pdf",2024-25 allocation is annual; offtake up to Nov 2024 (TPDS)/Oct 2024 (OWS)
2024-25,Annapurna,wheat,allocation,0.0,"https://dfpd.gov.in/WriteReadData/FoodBulletinUploadDocuments/8e0ba45f-affc-4309-8a2d-f6c8d01156b7_Foodgrain%20Bulletin%20fot%20November,%202024.pdf",2024-25 allocation is annual; offtake up to Nov 2024 (TPDS)/Oct 2024 (OWS)
2024-25,Natural_Calamity_Relief,rice,allocation,0.06,"https://dfpd.gov.in/WriteReadData/FoodBulletinUploadDocuments/8e0ba45f-affc-4309-8a2d-f6c8d01156b7_Foodgrain%20Bulletin%20fot%20November,%202024.pdf",2024-25 allocation is annual; offtake up to Nov 2024 (TPDS)/Oct 2024 (OWS)
2024-25,Natural_Calamity_Relief,wheat,allocation,0.07,"https://dfpd.gov.in/WriteReadData/FoodBulletinUploadDocuments/8e0ba45f-affc-4309-8a2d-f6c8d01156b7_Foodgrain%20Bulletin%20fot%20November,%202024.pdf",2024-25 allocation is annual; offtake up to Nov 2024 (TPDS)/Oct 2024 (OWS)
2024-25,Festivals_AddlAllocation,rice,allocation,0.96,"https://dfpd.gov.in/WriteReadData/FoodBulletinUploadDocuments/8e0ba45f-affc-4309-8a2d-f6c8d01156b7_Foodgrain%20Bulletin%20fot%20November,%202024.pdf",2024-25 allocation is annual; offtake up to Nov 2024 (TPDS)/Oct 2024 (OWS)
2024-25,Festivals_AddlAllocation,wheat,allocation,0.6,"https://dfpd.gov.in/WriteReadData/FoodBulletinUploadDocuments/8e0ba45f-affc-4309-8a2d-f6c8d01156b7_Foodgrain%20Bulletin%20fot%20November,%202024.pdf",2024-25 allocation is annual; offtake up to Nov 2024 (TPDS)/Oct 2024 (OWS)
2024-25,Defence_ITBP,rice,allocation,1.28,"https://dfpd.gov.in/WriteReadData/FoodBulletinUploadDocuments/8e0ba45f-affc-4309-8a2d-f6c8d01156b7_Foodgrain%20Bulletin%20fot%20November,%202024.pdf",2024-25 allocation is annual; offtake up to Nov 2024 (TPDS)/Oct 2024 (OWS)
2024-25,Defence_ITBP,wheat,allocation,0.05,"https://dfpd.gov.in/WriteReadData/FoodBulletinUploadDocuments/8e0ba45f-affc-4309-8a2d-f6c8d01156b7_Foodgrain%20Bulletin%20fot%20November,%202024.pdf",2024-25 allocation is annual; offtake up to Nov 2024 (TPDS)/Oct 2024 (OWS)
2024-25,OMSS_Domestic,rice,allocation,16.65,"https://dfpd.gov.in/WriteReadData/FoodBulletinUploadDocuments/8e0ba45f-affc-4309-8a2d-f6c8d01156b7_Foodgrain%20Bulletin%20fot%20November,%202024.pdf",2024-25 allocation is annual; offtake up to Nov 2024 (TPDS)/Oct 2024 (OWS)
2024-25,OMSS_Domestic,wheat,allocation,6.92,"https://dfpd.gov.in/WriteReadData/FoodBulletinUploadDocuments/8e0ba45f-affc-4309-8a2d-f6c8d01156b7_Foodgrain%20Bulletin%20fot%20November,%202024.pdf",2024-25 allocation is annual; offtake up to Nov 2024 (TPDS)/Oct 2024 (OWS)
2024-25,WFP_Export,rice,allocation,0.0,"https://dfpd.gov.in/WriteReadData/FoodBulletinUploadDocuments/8e0ba45f-affc-4309-8a2d-f6c8d01156b7_Foodgrain%20Bulletin%20fot%20November,%202024.pdf",2024-25 allocation is annual; offtake up to Nov 2024 (TPDS)/Oct 2024 (OWS)
2024-25,WFP_Export,wheat,allocation,0.0,"https://dfpd.gov.in/WriteReadData/FoodBulletinUploadDocuments/8e0ba45f-affc-4309-8a2d-f6c8d01156b7_Foodgrain%20Bulletin%20fot%20November,%202024.pdf",2024-25 allocation is annual; offtake up to Nov 2024 (TPDS)/Oct 2024 (OWS)
2024-25,TOTAL,rice,allocation,423.94,"https://dfpd.gov.in/WriteReadData/FoodBulletinUploadDocuments/8e0ba45f-affc-4309-8a2d-f6c8d01156b7_Foodgrain%20Bulletin%20fot%20November,%202024.pdf",2024-25 allocation is annual; offtake up to Nov 2024 (TPDS)/Oct 2024 (OWS)
2024-25,TOTAL,wheat,allocation,211.08,"https://dfpd.gov.in/WriteReadData/FoodBulletinUploadDocuments/8e0ba45f-affc-4309-8a2d-f6c8d01156b7_Foodgrain%20Bulletin%20fot%20November,%202024.pdf",2024-25 allocation is annual; offtake up to Nov 2024 (TPDS)/Oct 2024 (OWS)
2024-25,NFSA_TPDS,rice,offtake,222.09,"https://dfpd.gov.in/WriteReadData/FoodBulletinUploadDocuments/8e0ba45f-affc-4309-8a2d-f6c8d01156b7_Foodgrain%20Bulletin%20fot%20November,%202024.pdf",2024-25 allocation is annual; offtake up to Nov 2024 (TPDS)/Oct 2024 (OWS)
2024-25,NFSA_TPDS,wheat,offtake,101.79,"https://dfpd.gov.in/WriteReadData/FoodBulletinUploadDocuments/8e0ba45f-affc-4309-8a2d-f6c8d01156b7_Foodgrain%20Bulletin%20fot%20November,%202024.pdf",2024-25 allocation is annual; offtake up to Nov 2024 (TPDS)/Oct 2024 (OWS)
2024-25,ICDS_WBNP,rice,offtake,6.23,"https://dfpd.gov.in/WriteReadData/FoodBulletinUploadDocuments/8e0ba45f-affc-4309-8a2d-f6c8d01156b7_Foodgrain%20Bulletin%20fot%20November,%202024.pdf",2024-25 allocation is annual; offtake up to Nov 2024 (TPDS)/Oct 2024 (OWS)
2024-25,ICDS_WBNP,wheat,offtake,5.41,"https://dfpd.gov.in/WriteReadData/FoodBulletinUploadDocuments/8e0ba45f-affc-4309-8a2d-f6c8d01156b7_Foodgrain%20Bulletin%20fot%20November,%202024.pdf",2024-25 allocation is annual; offtake up to Nov 2024 (TPDS)/Oct 2024 (OWS)
2024-25,PM_POSHAN_MDM,rice,offtake,10.18,"https://dfpd.gov.in/WriteReadData/FoodBulletinUploadDocuments/8e0ba45f-affc-4309-8a2d-f6c8d01156b7_Foodgrain%20Bulletin%20fot%20November,%202024.pdf",2024-25 allocation is annual; offtake up to Nov 2024 (TPDS)/Oct 2024 (OWS)
2024-25,PM_POSHAN_MDM,wheat,offtake,2.06,"https://dfpd.gov.in/WriteReadData/FoodBulletinUploadDocuments/8e0ba45f-affc-4309-8a2d-f6c8d01156b7_Foodgrain%20Bulletin%20fot%20November,%202024.pdf",2024-25 allocation is annual; offtake up to Nov 2024 (TPDS)/Oct 2024 (OWS)
2024-25,TPDS_TideOver,rice,offtake,15.08,"https://dfpd.gov.in/WriteReadData/FoodBulletinUploadDocuments/8e0ba45f-affc-4309-8a2d-f6c8d01156b7_Foodgrain%20Bulletin%20fot%20November,%202024.pdf",2024-25 allocation is annual; offtake up to Nov 2024 (TPDS)/Oct 2024 (OWS)
2024-25,TPDS_TideOver,wheat,offtake,2.9,"https://dfpd.gov.in/WriteReadData/FoodBulletinUploadDocuments/8e0ba45f-affc-4309-8a2d-f6c8d01156b7_Foodgrain%20Bulletin%20fot%20November,%202024.pdf",2024-25 allocation is annual; offtake up to Nov 2024 (TPDS)/Oct 2024 (OWS)
2024-25,Welfare_Institutions_Hostels,rice,offtake,2.64,"https://dfpd.gov.in/WriteReadData/FoodBulletinUploadDocuments/8e0ba45f-affc-4309-8a2d-f6c8d01156b7_Foodgrain%20Bulletin%20fot%20November,%202024.pdf",2024-25 allocation is annual; offtake up to Nov 2024 (TPDS)/Oct 2024 (OWS)
2024-25,Welfare_Institutions_Hostels,wheat,offtake,0.51,"https://dfpd.gov.in/WriteReadData/FoodBulletinUploadDocuments/8e0ba45f-affc-4309-8a2d-f6c8d01156b7_Foodgrain%20Bulletin%20fot%20November,%202024.pdf",2024-25 allocation is annual; offtake up to Nov 2024 (TPDS)/Oct 2024 (OWS)
2024-25,SAG_AdolescentGirls,rice,offtake,0.07,"https://dfpd.gov.in/WriteReadData/FoodBulletinUploadDocuments/8e0ba45f-affc-4309-8a2d-f6c8d01156b7_Foodgrain%20Bulletin%20fot%20November,%202024.pdf",2024-25 allocation is annual; offtake up to Nov 2024 (TPDS)/Oct 2024 (OWS)
2024-25,SAG_AdolescentGirls,wheat,offtake,0.11,"https://dfpd.gov.in/WriteReadData/FoodBulletinUploadDocuments/8e0ba45f-affc-4309-8a2d-f6c8d01156b7_Foodgrain%20Bulletin%20fot%20November,%202024.pdf",2024-25 allocation is annual; offtake up to Nov 2024 (TPDS)/Oct 2024 (OWS)
2024-25,Annapurna,rice,offtake,0.0,"https://dfpd.gov.in/WriteReadData/FoodBulletinUploadDocuments/8e0ba45f-affc-4309-8a2d-f6c8d01156b7_Foodgrain%20Bulletin%20fot%20November,%202024.pdf",2024-25 allocation is annual; offtake up to Nov 2024 (TPDS)/Oct 2024 (OWS)
2024-25,Annapurna,wheat,offtake,0.0,"https://dfpd.gov.in/WriteReadData/FoodBulletinUploadDocuments/8e0ba45f-affc-4309-8a2d-f6c8d01156b7_Foodgrain%20Bulletin%20fot%20November,%202024.pdf",2024-25 allocation is annual; offtake up to Nov 2024 (TPDS)/Oct 2024 (OWS)
2024-25,Natural_Calamity_Relief,rice,offtake,0.02,"https://dfpd.gov.in/WriteReadData/FoodBulletinUploadDocuments/8e0ba45f-affc-4309-8a2d-f6c8d01156b7_Foodgrain%20Bulletin%20fot%20November,%202024.pdf",2024-25 allocation is annual; offtake up to Nov 2024 (TPDS)/Oct 2024 (OWS)
2024-25,Natural_Calamity_Relief,wheat,offtake,0.01,"https://dfpd.gov.in/WriteReadData/FoodBulletinUploadDocuments/8e0ba45f-affc-4309-8a2d-f6c8d01156b7_Foodgrain%20Bulletin%20fot%20November,%202024.pdf",2024-25 allocation is annual; offtake up to Nov 2024 (TPDS)/Oct 2024 (OWS)
2024-25,Festivals_AddlAllocation,rice,offtake,0.01,"https://dfpd.gov.in/WriteReadData/FoodBulletinUploadDocuments/8e0ba45f-affc-4309-8a2d-f6c8d01156b7_Foodgrain%20Bulletin%20fot%20November,%202024.pdf",2024-25 allocation is annual; offtake up to Nov 2024 (TPDS)/Oct 2024 (OWS)
2024-25,Festivals_AddlAllocation,wheat,offtake,0.0,"https://dfpd.gov.in/WriteReadData/FoodBulletinUploadDocuments/8e0ba45f-affc-4309-8a2d-f6c8d01156b7_Foodgrain%20Bulletin%20fot%20November,%202024.pdf",2024-25 allocation is annual; offtake up to Nov 2024 (TPDS)/Oct 2024 (OWS)
2024-25,Defence_ITBP,rice,offtake,0.56,"https://dfpd.gov.in/WriteReadData/FoodBulletinUploadDocuments/8e0ba45f-affc-4309-8a2d-f6c8d01156b7_Foodgrain%20Bulletin%20fot%20November,%202024.pdf",2024-25 allocation is annual; offtake up to Nov 2024 (TPDS)/Oct 2024 (OWS)
2024-25,Defence_ITBP,wheat,offtake,0.03,"https://dfpd.gov.in/WriteReadData/FoodBulletinUploadDocuments/8e0ba45f-affc-4309-8a2d-f6c8d01156b7_Foodgrain%20Bulletin%20fot%20November,%202024.pdf",2024-25 allocation is annual; offtake up to Nov 2024 (TPDS)/Oct 2024 (OWS)
2024-25,OMSS_Domestic,rice,offtake,16.65,"https://dfpd.gov.in/WriteReadData/FoodBulletinUploadDocuments/8e0ba45f-affc-4309-8a2d-f6c8d01156b7_Foodgrain%20Bulletin%20fot%20November,%202024.pdf",2024-25 allocation is annual; offtake up to Nov 2024 (TPDS)/Oct 2024 (OWS)
2024-25,OMSS_Domestic,wheat,offtake,6.92,"https://dfpd.gov.in/WriteReadData/FoodBulletinUploadDocuments/8e0ba45f-affc-4309-8a2d-f6c8d01156b7_Foodgrain%20Bulletin%20fot%20November,%202024.pdf",2024-25 allocation is annual; offtake up to Nov 2024 (TPDS)/Oct 2024 (OWS)
2024-25,WFP_Export,rice,offtake,0.0,"https://dfpd.gov.in/WriteReadData/FoodBulletinUploadDocuments/8e0ba45f-affc-4309-8a2d-f6c8d01156b7_Foodgrain%20Bulletin%20fot%20November,%202024.pdf",2024-25 allocation is annual; offtake up to Nov 2024 (TPDS)/Oct 2024 (OWS)
2024-25,WFP_Export,wheat,offtake,0.0,"https://dfpd.gov.in/WriteReadData/FoodBulletinUploadDocuments/8e0ba45f-affc-4309-8a2d-f6c8d01156b7_Foodgrain%20Bulletin%20fot%20November,%202024.pdf",2024-25 allocation is annual; offtake up to Nov 2024 (TPDS)/Oct 2024 (OWS)
2024-25,TOTAL,rice,offtake,273.52,"https://dfpd.gov.in/WriteReadData/FoodBulletinUploadDocuments/8e0ba45f-affc-4309-8a2d-f6c8d01156b7_Foodgrain%20Bulletin%20fot%20November,%202024.pdf",2024-25 allocation is annual; offtake up to Nov 2024 (TPDS)/Oct 2024 (OWS)
2024-25,TOTAL,wheat,offtake,119.73,"https://dfpd.gov.in/WriteReadData/FoodBulletinUploadDocuments/8e0ba45f-affc-4309-8a2d-f6c8d01156b7_Foodgrain%20Bulletin%20fot%20November,%202024.pdf",2024-25 allocation is annual; offtake up to Nov 2024 (TPDS)/Oct 2024 (OWS)
2020-21,PMGKAY,rice,allocation,214.08,"https://dfpd.gov.in/WriteReadData/FoodBulletinUploadDocuments/8e0ba45f-affc-4309-8a2d-f6c8d01156b7_Foodgrain%20Bulletin%20fot%20November,%202024.pdf","PMGKAY free-grain (Covid) tranche, additional to NFSA; merged into NFSA from Jan-2023"
2020-21,PMGKAY,wheat,allocation,106.97,"https://dfpd.gov.in/WriteReadData/FoodBulletinUploadDocuments/8e0ba45f-affc-4309-8a2d-f6c8d01156b7_Foodgrain%20Bulletin%20fot%20November,%202024.pdf","PMGKAY free-grain (Covid) tranche, additional to NFSA; merged into NFSA from Jan-2023"
2020-21,ANBP_Migrant,rice,allocation,5.56,"https://dfpd.gov.in/WriteReadData/FoodBulletinUploadDocuments/8e0ba45f-affc-4309-8a2d-f6c8d01156b7_Foodgrain%20Bulletin%20fot%20November,%202024.pdf","PMGKAY free-grain (Covid) tranche, additional to NFSA; merged into NFSA from Jan-2023"
2020-21,ANBP_Migrant,wheat,allocation,2.44,"https://dfpd.gov.in/WriteReadData/FoodBulletinUploadDocuments/8e0ba45f-affc-4309-8a2d-f6c8d01156b7_Foodgrain%20Bulletin%20fot%20November,%202024.pdf","PMGKAY free-grain (Covid) tranche, additional to NFSA; merged into NFSA from Jan-2023"
2020-21,NonNFSA_Covid,rice,allocation,7.09,"https://dfpd.gov.in/WriteReadData/FoodBulletinUploadDocuments/8e0ba45f-affc-4309-8a2d-f6c8d01156b7_Foodgrain%20Bulletin%20fot%20November,%202024.pdf","PMGKAY free-grain (Covid) tranche, additional to NFSA; merged into NFSA from Jan-2023"
2020-21,NonNFSA_Covid,wheat,allocation,2.57,"https://dfpd.gov.in/WriteReadData/FoodBulletinUploadDocuments/8e0ba45f-affc-4309-8a2d-f6c8d01156b7_Foodgrain%20Bulletin%20fot%20November,%202024.pdf","PMGKAY free-grain (Covid) tranche, additional to NFSA; merged into NFSA from Jan-2023"
2020-21,PMGKAY,rice,offtake,201.36,"https://dfpd.gov.in/WriteReadData/FoodBulletinUploadDocuments/8e0ba45f-affc-4309-8a2d-f6c8d01156b7_Foodgrain%20Bulletin%20fot%20November,%202024.pdf","PMGKAY free-grain (Covid) tranche, additional to NFSA; merged into NFSA from Jan-2023"
2020-21,PMGKAY,wheat,offtake,103.65,"https://dfpd.gov.in/WriteReadData/FoodBulletinUploadDocuments/8e0ba45f-affc-4309-8a2d-f6c8d01156b7_Foodgrain%20Bulletin%20fot%20November,%202024.pdf","PMGKAY free-grain (Covid) tranche, additional to NFSA; merged into NFSA from Jan-2023"
2020-21,ANBP_Migrant,rice,offtake,4.58,"https://dfpd.gov.in/WriteReadData/FoodBulletinUploadDocuments/8e0ba45f-affc-4309-8a2d-f6c8d01156b7_Foodgrain%20Bulletin%20fot%20November,%202024.pdf","PMGKAY free-grain (Covid) tranche, additional to NFSA; merged into NFSA from Jan-2023"
2020-21,ANBP_Migrant,wheat,offtake,1.83,"https://dfpd.gov.in/WriteReadData/FoodBulletinUploadDocuments/8e0ba45f-affc-4309-8a2d-f6c8d01156b7_Foodgrain%20Bulletin%20fot%20November,%202024.pdf","PMGKAY free-grain (Covid) tranche, additional to NFSA; merged into NFSA from Jan-2023"
2020-21,NonNFSA_Covid,rice,offtake,7.09,"https://dfpd.gov.in/WriteReadData/FoodBulletinUploadDocuments/8e0ba45f-affc-4309-8a2d-f6c8d01156b7_Foodgrain%20Bulletin%20fot%20November,%202024.pdf","PMGKAY free-grain (Covid) tranche, additional to NFSA; merged into NFSA from Jan-2023"
2020-21,NonNFSA_Covid,wheat,offtake,2.57,"https://dfpd.gov.in/WriteReadData/FoodBulletinUploadDocuments/8e0ba45f-affc-4309-8a2d-f6c8d01156b7_Foodgrain%20Bulletin%20fot%20November,%202024.pdf","PMGKAY free-grain (Covid) tranche, additional to NFSA; merged into NFSA from Jan-2023"
2021-22,PMGKAY,rice,allocation,235.68,"https://dfpd.gov.in/WriteReadData/FoodBulletinUploadDocuments/8e0ba45f-affc-4309-8a2d-f6c8d01156b7_Foodgrain%20Bulletin%20fot%20November,%202024.pdf","PMGKAY free-grain (Covid) tranche, additional to NFSA; merged into NFSA from Jan-2023"
2021-22,PMGKAY,wheat,allocation,202.05,"https://dfpd.gov.in/WriteReadData/FoodBulletinUploadDocuments/8e0ba45f-affc-4309-8a2d-f6c8d01156b7_Foodgrain%20Bulletin%20fot%20November,%202024.pdf","PMGKAY free-grain (Covid) tranche, additional to NFSA; merged into NFSA from Jan-2023"
2021-22,ANBP_Migrant,rice,allocation,13.82,"https://dfpd.gov.in/WriteReadData/FoodBulletinUploadDocuments/8e0ba45f-affc-4309-8a2d-f6c8d01156b7_Foodgrain%20Bulletin%20fot%20November,%202024.pdf","PMGKAY free-grain (Covid) tranche, additional to NFSA; merged into NFSA from Jan-2023"
2021-22,ANBP_Migrant,wheat,allocation,2.25,"https://dfpd.gov.in/WriteReadData/FoodBulletinUploadDocuments/8e0ba45f-affc-4309-8a2d-f6c8d01156b7_Foodgrain%20Bulletin%20fot%20November,%202024.pdf","PMGKAY free-grain (Covid) tranche, additional to NFSA; merged into NFSA from Jan-2023"
2021-22,PMGKAY,rice,offtake,225.37,"https://dfpd.gov.in/WriteReadData/FoodBulletinUploadDocuments/8e0ba45f-affc-4309-8a2d-f6c8d01156b7_Foodgrain%20Bulletin%20fot%20November,%202024.pdf","PMGKAY free-grain (Covid) tranche, additional to NFSA; merged into NFSA from Jan-2023"
2021-22,PMGKAY,wheat,offtake,200.31,"https://dfpd.gov.in/WriteReadData/FoodBulletinUploadDocuments/8e0ba45f-affc-4309-8a2d-f6c8d01156b7_Foodgrain%20Bulletin%20fot%20November,%202024.pdf","PMGKAY free-grain (Covid) tranche, additional to NFSA; merged into NFSA from Jan-2023"
2021-22,ANBP_Migrant,rice,offtake,13.82,"https://dfpd.gov.in/WriteReadData/FoodBulletinUploadDocuments/8e0ba45f-affc-4309-8a2d-f6c8d01156b7_Foodgrain%20Bulletin%20fot%20November,%202024.pdf","PMGKAY free-grain (Covid) tranche, additional to NFSA; merged into NFSA from Jan-2023"
2021-22,ANBP_Migrant,wheat,offtake,2.25,"https://dfpd.gov.in/WriteReadData/FoodBulletinUploadDocuments/8e0ba45f-affc-4309-8a2d-f6c8d01156b7_Foodgrain%20Bulletin%20fot%20November,%202024.pdf","PMGKAY free-grain (Covid) tranche, additional to NFSA; merged into NFSA from Jan-2023"
2022-23,PMGKAY,rice,allocation,284.83,"https://dfpd.gov.in/WriteReadData/FoodBulletinUploadDocuments/8e0ba45f-affc-4309-8a2d-f6c8d01156b7_Foodgrain%20Bulletin%20fot%20November,%202024.pdf","PMGKAY free-grain (Covid) tranche, additional to NFSA; merged into NFSA from Jan-2023"
2022-23,PMGKAY,wheat,allocation,74.49,"https://dfpd.gov.in/WriteReadData/FoodBulletinUploadDocuments/8e0ba45f-affc-4309-8a2d-f6c8d01156b7_Foodgrain%20Bulletin%20fot%20November,%202024.pdf","PMGKAY free-grain (Covid) tranche, additional to NFSA; merged into NFSA from Jan-2023"
2022-23,ANBP_Migrant,rice,allocation,4.15,"https://dfpd.gov.in/WriteReadData/FoodBulletinUploadDocuments/8e0ba45f-affc-4309-8a2d-f6c8d01156b7_Foodgrain%20Bulletin%20fot%20November,%202024.pdf","PMGKAY free-grain (Covid) tranche, additional to NFSA; merged into NFSA from Jan-2023"
2022-23,ANBP_Migrant,wheat,allocation,1.38,"https://dfpd.gov.in/WriteReadData/FoodBulletinUploadDocuments/8e0ba45f-affc-4309-8a2d-f6c8d01156b7_Foodgrain%20Bulletin%20fot%20November,%202024.pdf","PMGKAY free-grain (Covid) tranche, additional to NFSA; merged into NFSA from Jan-2023"
2022-23,PMGKAY,rice,offtake,243.81,"https://dfpd.gov.in/WriteReadData/FoodBulletinUploadDocuments/8e0ba45f-affc-4309-8a2d-f6c8d01156b7_Foodgrain%20Bulletin%20fot%20November,%202024.pdf","PMGKAY free-grain (Covid) tranche, additional to NFSA; merged into NFSA from Jan-2023"
2022-23,PMGKAY,wheat,offtake,68.72,"https://dfpd.gov.in/WriteReadData/FoodBulletinUploadDocuments/8e0ba45f-affc-4309-8a2d-f6c8d01156b7_Foodgrain%20Bulletin%20fot%20November,%202024.pdf","PMGKAY free-grain (Covid) tranche, additional to NFSA; merged into NFSA from Jan-2023"
2022-23,ANBP_Migrant,rice,offtake,4.15,"https://dfpd.gov.in/WriteReadData/FoodBulletinUploadDocuments/8e0ba45f-affc-4309-8a2d-f6c8d01156b7_Foodgrain%20Bulletin%20fot%20November,%202024.pdf","PMGKAY free-grain (Covid) tranche, additional to NFSA; merged into NFSA from Jan-2023"
2022-23,ANBP_Migrant,wheat,offtake,1.38,"https://dfpd.gov.in/WriteReadData/FoodBulletinUploadDocuments/8e0ba45f-affc-4309-8a2d-f6c8d01156b7_Foodgrain%20Bulletin%20fot%20November,%202024.pdf","PMGKAY free-grain (Covid) tranche, additional to NFSA; merged into NFSA from Jan-2023"
