year,crop,state,quantity_lmt,source,as_of,note
2010-11,rice,Andhra Pradesh,96.09,https://www.data.gov.in (resource fc60774a-67a9-4e65-945b-f537553eb505),,
2011-12,rice,Andhra Pradesh,75.48,https://www.data.gov.in (resource fc60774a-67a9-4e65-945b-f537553eb505),,
2012-13,rice,Andhra Pradesh,64.86,https://www.data.gov.in (resource fc60774a-67a9-4e65-945b-f537553eb505),,
2013-14,rice,Andhra Pradesh,37.37,https://www.data.gov.in (resource fc60774a-67a9-4e65-945b-f537553eb505),,
2013-14,rice,Telangana,43.53,https://www.data.gov.in (resource fc60774a-67a9-4e65-945b-f537553eb505),,
2010-11,rice,Assam,0.16,https://www.data.gov.in (resource fc60774a-67a9-4e65-945b-f537553eb505),,
2011-12,rice,Assam,0.23,https://www.data.gov.in (resource fc60774a-67a9-4e65-945b-f537553eb505),,
2012-13,rice,Assam,0.2,https://www.data.gov.in (resource fc60774a-67a9-4e65-945b-f537553eb505),,
2013-14,rice,Assam,0.0,https://www.data.gov.in (resource fc60774a-67a9-4e65-945b-f537553eb505),,
2010-11,rice,Bihar,8.83,https://www.data.gov.in (resource fc60774a-67a9-4e65-945b-f537553eb505),,
2011-12,rice,Bihar,15.34,https://www.data.gov.in (resource fc60774a-67a9-4e65-945b-f537553eb505),,
2012-13,rice,Bihar,13.03,https://www.data.gov.in (resource fc60774a-67a9-4e65-945b-f537553eb505),,
2013-14,rice,Bihar,9.42,https://www.data.gov.in (resource fc60774a-67a9-4e65-945b-f537553eb505),,
2010-11,rice,Chandigarh,0.1,https://www.data.gov.in (resource fc60774a-67a9-4e65-945b-f537553eb505),,
2011-12,rice,Chandigarh,0.13,https://www.data.gov.in (resource fc60774a-67a9-4e65-945b-f537553eb505),,
2012-13,rice,Chandigarh,0.12,https://www.data.gov.in (resource fc60774a-67a9-4e65-945b-f537553eb505),,
2013-14,rice,Chandigarh,0.12,https://www.data.gov.in (resource fc60774a-67a9-4e65-945b-f537553eb505),,
2010-11,rice,Chhattisgarh,37.46,https://www.data.gov.in (resource fc60774a-67a9-4e65-945b-f537553eb505),,
2011-12,rice,Chhattisgarh,41.15,https://www.data.gov.in (resource fc60774a-67a9-4e65-945b-f537553eb505),,
2012-13,rice,Chhattisgarh,48.04,https://www.data.gov.in (resource fc60774a-67a9-4e65-945b-f537553eb505),,
2013-14,rice,Chhattisgarh,42.9,https://www.data.gov.in (resource fc60774a-67a9-4e65-945b-f537553eb505),,
2010-11,rice,Delhi,0.0,https://www.data.gov.in (resource fc60774a-67a9-4e65-945b-f537553eb505),,
2011-12,rice,Delhi,0.0,https://www.data.gov.in (resource fc60774a-67a9-4e65-945b-f537553eb505),,
2012-13,rice,Delhi,0.0,https://www.data.gov.in (resource fc60774a-67a9-4e65-945b-f537553eb505),,
2013-14,rice,Delhi,0.0,https://www.data.gov.in (resource fc60774a-67a9-4e65-945b-f537553eb505),,
2010-11,rice,Gujarat,0.0,https://www.data.gov.in (resource fc60774a-67a9-4e65-945b-f537553eb505),,
2011-12,rice,Gujarat,0.04,https://www.data.gov.in (resource fc60774a-67a9-4e65-945b-f537553eb505),,
2012-13,rice,Gujarat,0.0,https://www.data.gov.in (resource fc60774a-67a9-4e65-945b-f537553eb505),,
2013-14,rice,Gujarat,0.0,https://www.data.gov.in (resource fc60774a-67a9-4e65-945b-f537553eb505),,
2010-11,rice,Haryana,16.87,https://www.data.gov.in (resource fc60774a-67a9-4e65-945b-f537553eb505),,
2011-12,rice,Haryana,20.07,https://www.data.gov.in (resource fc60774a-67a9-4e65-945b-f537553eb505),,
2012-13,rice,Haryana,26.09,https://www.data.gov.in (resource fc60774a-67a9-4e65-945b-f537553eb505),,
2013-14,rice,Haryana,24.06,https://www.data.gov.in (resource fc60774a-67a9-4e65-945b-f537553eb505),,
2010-11,rice,Himachal Pradesh,0.01,https://www.data.gov.in (resource fc60774a-67a9-4e65-945b-f537553eb505),,
2011-12,rice,Himachal Pradesh,0.01,https://www.data.gov.in (resource fc60774a-67a9-4e65-945b-f537553eb505),,
2012-13,rice,Himachal Pradesh,0.01,https://www.data.gov.in (resource fc60774a-67a9-4e65-945b-f537553eb505),,
2013-14,rice,Himachal Pradesh,0.0,https://www.data.gov.in (resource fc60774a-67a9-4e65-945b-f537553eb505),,
2010-11,rice,Jharkhand,0.0,https://www.data.gov.in (resource fc60774a-67a9-4e65-945b-f537553eb505),,
2011-12,rice,Jharkhand,2.75,https://www.data.gov.in (resource fc60774a-67a9-4e65-945b-f537553eb505),,
2012-13,rice,Jharkhand,2.15,https://www.data.gov.in (resource fc60774a-67a9-4e65-945b-f537553eb505),,
2013-14,rice,Jharkhand,0.0,https://www.data.gov.in (resource fc60774a-67a9-4e65-945b-f537553eb505),,
2010-11,rice,Jammu & Kashmir,0.11,https://www.data.gov.in (resource fc60774a-67a9-4e65-945b-f537553eb505),,
2011-12,rice,Jammu & Kashmir,0.09,https://www.data.gov.in (resource fc60774a-67a9-4e65-945b-f537553eb505),,
2012-13,rice,Jammu & Kashmir,0.02,https://www.data.gov.in (resource fc60774a-67a9-4e65-945b-f537553eb505),,
2013-14,rice,Jammu & Kashmir,0.0,https://www.data.gov.in (resource fc60774a-67a9-4e65-945b-f537553eb505),,
2010-11,rice,Karnataka,1.8,https://www.data.gov.in (resource fc60774a-67a9-4e65-945b-f537553eb505),,
2011-12,rice,Karnataka,3.57,https://www.data.gov.in (resource fc60774a-67a9-4e65-945b-f537553eb505),,
2012-13,rice,Karnataka,0.59,https://www.data.gov.in (resource fc60774a-67a9-4e65-945b-f537553eb505),,
2013-14,rice,Karnataka,0.0,https://www.data.gov.in (resource fc60774a-67a9-4e65-945b-f537553eb505),,
2010-11,rice,Kerala,2.63,https://www.data.gov.in (resource fc60774a-67a9-4e65-945b-f537553eb505),,
2011-12,rice,Kerala,3.76,https://www.data.gov.in (resource fc60774a-67a9-4e65-945b-f537553eb505),,
2012-13,rice,Kerala,2.4,https://www.data.gov.in (resource fc60774a-67a9-4e65-945b-f537553eb505),,
2013-14,rice,Kerala,3.59,https://www.data.gov.in (resource fc60774a-67a9-4e65-945b-f537553eb505),,
2010-11,rice,Madhya Pradesh,5.16,https://www.data.gov.in (resource fc60774a-67a9-4e65-945b-f537553eb505),,
2011-12,rice,Madhya Pradesh,6.35,https://www.data.gov.in (resource fc60774a-67a9-4e65-945b-f537553eb505),,
2012-13,rice,Madhya Pradesh,8.98,https://www.data.gov.in (resource fc60774a-67a9-4e65-945b-f537553eb505),,
2013-14,rice,Madhya Pradesh,10.45,https://www.data.gov.in (resource fc60774a-67a9-4e65-945b-f537553eb505),,
2010-11,rice,Maharashtra,3.08,https://www.data.gov.in (resource fc60774a-67a9-4e65-945b-f537553eb505),,
2011-12,rice,Maharashtra,1.9,https://www.data.gov.in (resource fc60774a-67a9-4e65-945b-f537553eb505),,
2012-13,rice,Maharashtra,1.92,https://www.data.gov.in (resource fc60774a-67a9-4e65-945b-f537553eb505),,
2013-14,rice,Maharashtra,1.61,https://www.data.gov.in (resource fc60774a-67a9-4e65-945b-f537553eb505),,
2010-11,rice,Nagaland,0.0,https://www.data.gov.in (resource fc60774a-67a9-4e65-945b-f537553eb505),,
2011-12,rice,Nagaland,0.0,https://www.data.gov.in (resource fc60774a-67a9-4e65-945b-f537553eb505),,
2012-13,rice,Nagaland,0.0,https://www.data.gov.in (resource fc60774a-67a9-4e65-945b-f537553eb505),,
2013-14,rice,Nagaland,0.0,https://www.data.gov.in (resource fc60774a-67a9-4e65-945b-f537553eb505),,
2010-11,rice,Odisha,24.65,https://www.data.gov.in (resource fc60774a-67a9-4e65-945b-f537553eb505),,
2011-12,rice,Odisha,28.66,https://www.data.gov.in (resource fc60774a-67a9-4e65-945b-f537553eb505),,
2012-13,rice,Odisha,36.15,https://www.data.gov.in (resource fc60774a-67a9-4e65-945b-f537553eb505),,
2013-14,rice,Odisha,28.01,https://www.data.gov.in (resource fc60774a-67a9-4e65-945b-f537553eb505),,
2010-11,rice,Puducherry,0.4,https://www.data.gov.in (resource fc60774a-67a9-4e65-945b-f537553eb505),,
2011-12,rice,Puducherry,0.05,https://www.data.gov.in (resource fc60774a-67a9-4e65-945b-f537553eb505),,
2012-13,rice,Puducherry,0.0,https://www.data.gov.in (resource fc60774a-67a9-4e65-945b-f537553eb505),,
2013-14,rice,Puducherry,0.0,https://www.data.gov.in (resource fc60774a-67a9-4e65-945b-f537553eb505),,
2010-11,rice,Punjab,86.34,https://www.data.gov.in (resource fc60774a-67a9-4e65-945b-f537553eb505),,
2011-12,rice,Punjab,77.31,https://www.data.gov.in (resource fc60774a-67a9-4e65-945b-f537553eb505),,
2012-13,rice,Punjab,85.58,https://www.data.gov.in (resource fc60774a-67a9-4e65-945b-f537553eb505),,
2013-14,rice,Punjab,81.06,https://www.data.gov.in (resource fc60774a-67a9-4e65-945b-f537553eb505),,
2010-11,rice,Rajasthan,0.0,https://www.data.gov.in (resource fc60774a-67a9-4e65-945b-f537553eb505),,
2011-12,rice,Rajasthan,0.0,https://www.data.gov.in (resource fc60774a-67a9-4e65-945b-f537553eb505),,
2012-13,rice,Rajasthan,0.0,https://www.data.gov.in (resource fc60774a-67a9-4e65-945b-f537553eb505),,
2013-14,rice,Rajasthan,0.0,https://www.data.gov.in (resource fc60774a-67a9-4e65-945b-f537553eb505),,
2010-11,rice,Tamil Nadu,15.43,https://www.data.gov.in (resource fc60774a-67a9-4e65-945b-f537553eb505),,
2011-12,rice,Tamil Nadu,15.96,https://www.data.gov.in (resource fc60774a-67a9-4e65-945b-f537553eb505),,
2012-13,rice,Tamil Nadu,4.81,https://www.data.gov.in (resource fc60774a-67a9-4e65-945b-f537553eb505),,
2013-14,rice,Tamil Nadu,6.84,https://www.data.gov.in (resource fc60774a-67a9-4e65-945b-f537553eb505),,
2010-11,rice,Uttar Pradesh,25.54,https://www.data.gov.in (resource fc60774a-67a9-4e65-945b-f537553eb505),,
2011-12,rice,Uttar Pradesh,33.57,https://www.data.gov.in (resource fc60774a-67a9-4e65-945b-f537553eb505),,
2012-13,rice,Uttar Pradesh,22.86,https://www.data.gov.in (resource fc60774a-67a9-4e65-945b-f537553eb505),,
2013-14,rice,Uttar Pradesh,11.27,https://www.data.gov.in (resource fc60774a-67a9-4e65-945b-f537553eb505),,
2010-11,rice,Uttarakhand,4.22,https://www.data.gov.in (resource fc60774a-67a9-4e65-945b-f537553eb505),,
2011-12,rice,Uttarakhand,3.78,https://www.data.gov.in (resource fc60774a-67a9-4e65-945b-f537553eb505),,
2012-13,rice,Uttarakhand,4.97,https://www.data.gov.in (resource fc60774a-67a9-4e65-945b-f537553eb505),,
2013-14,rice,Uttarakhand,4.63,https://www.data.gov.in (resource fc60774a-67a9-4e65-945b-f537553eb505),,
2010-11,rice,West Bengal,13.1,https://www.data.gov.in (resource fc60774a-67a9-4e65-945b-f537553eb505),,
2011-12,rice,West Bengal,20.41,https://www.data.gov.in (resource fc60774a-67a9-4e65-945b-f537553eb505),,
2012-13,rice,West Bengal,17.66,https://www.data.gov.in (resource fc60774a-67a9-4e65-945b-f537553eb505),,
2013-14,rice,West Bengal,13.59,https://www.data.gov.in (resource fc60774a-67a9-4e65-945b-f537553eb505),,
2010-11,rice,ALL_INDIA,341.98,https://www.data.gov.in (resource fc60774a-67a9-4e65-945b-f537553eb505),,
2011-12,rice,ALL_INDIA,350.6,https://www.data.gov.in (resource fc60774a-67a9-4e65-945b-f537553eb505),,
2012-13,rice,ALL_INDIA,340.44,https://www.data.gov.in (resource fc60774a-67a9-4e65-945b-f537553eb505),,
2013-14,rice,ALL_INDIA,318.45,https://www.data.gov.in (resource fc60774a-67a9-4e65-945b-f537553eb505),,
2014-15,rice,Andhra Pradesh,35.96,https://www.data.gov.in (resource fa1fdb29-f1ea-4a55-a413-9e6a2bcf88b6),,
2015-16,rice,Andhra Pradesh,43.36,https://www.data.gov.in (resource fa1fdb29-f1ea-4a55-a413-9e6a2bcf88b6),,
2016-17,rice,Andhra Pradesh,37.24,https://www.data.gov.in (resource fa1fdb29-f1ea-4a55-a413-9e6a2bcf88b6),,
2014-15,rice,Telangana,35.04,https://www.data.gov.in (resource fa1fdb29-f1ea-4a55-a413-9e6a2bcf88b6),,
2015-16,rice,Telangana,15.79,https://www.data.gov.in (resource fa1fdb29-f1ea-4a55-a413-9e6a2bcf88b6),,
2016-17,rice,Telangana,35.96,https://www.data.gov.in (resource fa1fdb29-f1ea-4a55-a413-9e6a2bcf88b6),,
2014-15,rice,Assam,0.15,https://www.data.gov.in (resource fa1fdb29-f1ea-4a55-a413-9e6a2bcf88b6),,
2015-16,rice,Assam,0.42,https://www.data.gov.in (resource fa1fdb29-f1ea-4a55-a413-9e6a2bcf88b6),,
2016-17,rice,Assam,0.46,https://www.data.gov.in (resource fa1fdb29-f1ea-4a55-a413-9e6a2bcf88b6),,
2014-15,rice,Bihar,16.14,https://www.data.gov.in (resource fa1fdb29-f1ea-4a55-a413-9e6a2bcf88b6),,
2015-16,rice,Bihar,12.25,https://www.data.gov.in (resource fa1fdb29-f1ea-4a55-a413-9e6a2bcf88b6),,
2016-17,rice,Bihar,12.34,https://www.data.gov.in (resource fa1fdb29-f1ea-4a55-a413-9e6a2bcf88b6),,
2014-15,rice,Chandigarh,0.1,https://www.data.gov.in (resource fa1fdb29-f1ea-4a55-a413-9e6a2bcf88b6),,
2015-16,rice,Chandigarh,0.16,https://www.data.gov.in (resource fa1fdb29-f1ea-4a55-a413-9e6a2bcf88b6),,
2016-17,rice,Chandigarh,0.13,https://www.data.gov.in (resource fa1fdb29-f1ea-4a55-a413-9e6a2bcf88b6),,
2014-15,rice,Chhattisgarh,34.23,https://www.data.gov.in (resource fa1fdb29-f1ea-4a55-a413-9e6a2bcf88b6),,
2015-16,rice,Chhattisgarh,34.42,https://www.data.gov.in (resource fa1fdb29-f1ea-4a55-a413-9e6a2bcf88b6),,
2016-17,rice,Chhattisgarh,40.22,https://www.data.gov.in (resource fa1fdb29-f1ea-4a55-a413-9e6a2bcf88b6),,
2014-15,rice,Delhi,0.0,https://www.data.gov.in (resource fa1fdb29-f1ea-4a55-a413-9e6a2bcf88b6),,
2015-16,rice,Delhi,0.0,https://www.data.gov.in (resource fa1fdb29-f1ea-4a55-a413-9e6a2bcf88b6),,
2016-17,rice,Delhi,0.0,https://www.data.gov.in (resource fa1fdb29-f1ea-4a55-a413-9e6a2bcf88b6),,
2014-15,rice,Gujarat,0.0,https://www.data.gov.in (resource fa1fdb29-f1ea-4a55-a413-9e6a2bcf88b6),,
2015-16,rice,Gujarat,0.01,https://www.data.gov.in (resource fa1fdb29-f1ea-4a55-a413-9e6a2bcf88b6),,
2016-17,rice,Gujarat,0.01,https://www.data.gov.in (resource fa1fdb29-f1ea-4a55-a413-9e6a2bcf88b6),,
2014-15,rice,Haryana,20.15,https://www.data.gov.in (resource fa1fdb29-f1ea-4a55-a413-9e6a2bcf88b6),,
2015-16,rice,Haryana,28.61,https://www.data.gov.in (resource fa1fdb29-f1ea-4a55-a413-9e6a2bcf88b6),,
2016-17,rice,Haryana,35.83,https://www.data.gov.in (resource fa1fdb29-f1ea-4a55-a413-9e6a2bcf88b6),,
2014-15,rice,Himachal Pradesh,0.0,https://www.data.gov.in (resource fa1fdb29-f1ea-4a55-a413-9e6a2bcf88b6),,
2015-16,rice,Himachal Pradesh,0.0,https://www.data.gov.in (resource fa1fdb29-f1ea-4a55-a413-9e6a2bcf88b6),,
2016-17,rice,Himachal Pradesh,0.0,https://www.data.gov.in (resource fa1fdb29-f1ea-4a55-a413-9e6a2bcf88b6),,
2014-15,rice,Jharkhand,0.06,https://www.data.gov.in (resource fa1fdb29-f1ea-4a55-a413-9e6a2bcf88b6),,
2015-16,rice,Jharkhand,2.06,https://www.data.gov.in (resource fa1fdb29-f1ea-4a55-a413-9e6a2bcf88b6),,
2016-17,rice,Jharkhand,1.39,https://www.data.gov.in (resource fa1fdb29-f1ea-4a55-a413-9e6a2bcf88b6),,
2014-15,rice,Jammu & Kashmir,0.0,https://www.data.gov.in (resource fa1fdb29-f1ea-4a55-a413-9e6a2bcf88b6),,
2015-16,rice,Jammu & Kashmir,0.07,https://www.data.gov.in (resource fa1fdb29-f1ea-4a55-a413-9e6a2bcf88b6),,
2016-17,rice,Jammu & Kashmir,0.08,https://www.data.gov.in (resource fa1fdb29-f1ea-4a55-a413-9e6a2bcf88b6),,
2014-15,rice,Karnataka,0.88,https://www.data.gov.in (resource fa1fdb29-f1ea-4a55-a413-9e6a2bcf88b6),,
2015-16,rice,Karnataka,0.55,https://www.data.gov.in (resource fa1fdb29-f1ea-4a55-a413-9e6a2bcf88b6),,
2016-17,rice,Karnataka,0.0,https://www.data.gov.in (resource fa1fdb29-f1ea-4a55-a413-9e6a2bcf88b6),,
2014-15,rice,Kerala,3.74,https://www.data.gov.in (resource fa1fdb29-f1ea-4a55-a413-9e6a2bcf88b6),,
2015-16,rice,Kerala,3.82,https://www.data.gov.in (resource fa1fdb29-f1ea-4a55-a413-9e6a2bcf88b6),,
2016-17,rice,Kerala,3.08,https://www.data.gov.in (resource fa1fdb29-f1ea-4a55-a413-9e6a2bcf88b6),,
2014-15,rice,Madhya Pradesh,8.07,https://www.data.gov.in (resource fa1fdb29-f1ea-4a55-a413-9e6a2bcf88b6),,
2015-16,rice,Madhya Pradesh,8.49,https://www.data.gov.in (resource fa1fdb29-f1ea-4a55-a413-9e6a2bcf88b6),,
2016-17,rice,Madhya Pradesh,13.14,https://www.data.gov.in (resource fa1fdb29-f1ea-4a55-a413-9e6a2bcf88b6),,
2014-15,rice,Maharashtra,1.99,https://www.data.gov.in (resource fa1fdb29-f1ea-4a55-a413-9e6a2bcf88b6),,
2015-16,rice,Maharashtra,2.3,https://www.data.gov.in (resource fa1fdb29-f1ea-4a55-a413-9e6a2bcf88b6),,
2016-17,rice,Maharashtra,3.09,https://www.data.gov.in (resource fa1fdb29-f1ea-4a55-a413-9e6a2bcf88b6),,
2014-15,rice,Nagaland,0.0,https://www.data.gov.in (resource fa1fdb29-f1ea-4a55-a413-9e6a2bcf88b6),,
2015-16,rice,Nagaland,0.0,https://www.data.gov.in (resource fa1fdb29-f1ea-4a55-a413-9e6a2bcf88b6),,
2016-17,rice,Nagaland,0.0,https://www.data.gov.in (resource fa1fdb29-f1ea-4a55-a413-9e6a2bcf88b6),,
2014-15,rice,Odisha,33.57,https://www.data.gov.in (resource fa1fdb29-f1ea-4a55-a413-9e6a2bcf88b6),,
2015-16,rice,Odisha,33.69,https://www.data.gov.in (resource fa1fdb29-f1ea-4a55-a413-9e6a2bcf88b6),,
2016-17,rice,Odisha,36.3,https://www.data.gov.in (resource fa1fdb29-f1ea-4a55-a413-9e6a2bcf88b6),,
2014-15,rice,Puducherry,0.0,https://www.data.gov.in (resource fa1fdb29-f1ea-4a55-a413-9e6a2bcf88b6),,
2015-16,rice,Puducherry,0.0,https://www.data.gov.in (resource fa1fdb29-f1ea-4a55-a413-9e6a2bcf88b6),,
2016-17,rice,Puducherry,0.0,https://www.data.gov.in (resource fa1fdb29-f1ea-4a55-a413-9e6a2bcf88b6),,
2014-15,rice,Punjab,77.86,https://www.data.gov.in (resource fa1fdb29-f1ea-4a55-a413-9e6a2bcf88b6),,
2015-16,rice,Punjab,93.5,https://www.data.gov.in (resource fa1fdb29-f1ea-4a55-a413-9e6a2bcf88b6),,
2016-17,rice,Punjab,110.52,https://www.data.gov.in (resource fa1fdb29-f1ea-4a55-a413-9e6a2bcf88b6),,
2014-15,rice,Rajasthan,0.0,https://www.data.gov.in (resource fa1fdb29-f1ea-4a55-a413-9e6a2bcf88b6),,
2015-16,rice,Rajasthan,0.0,https://www.data.gov.in (resource fa1fdb29-f1ea-4a55-a413-9e6a2bcf88b6),,
2016-17,rice,Rajasthan,0.0,https://www.data.gov.in (resource fa1fdb29-f1ea-4a55-a413-9e6a2bcf88b6),,
2014-15,rice,Tamil Nadu,10.51,https://www.data.gov.in (resource fa1fdb29-f1ea-4a55-a413-9e6a2bcf88b6),,
2015-16,rice,Tamil Nadu,11.92,https://www.data.gov.in (resource fa1fdb29-f1ea-4a55-a413-9e6a2bcf88b6),,
2016-17,rice,Tamil Nadu,1.44,https://www.data.gov.in (resource fa1fdb29-f1ea-4a55-a413-9e6a2bcf88b6),,
2014-15,rice,Uttar Pradesh,16.98,https://www.data.gov.in (resource fa1fdb29-f1ea-4a55-a413-9e6a2bcf88b6),,
2015-16,rice,Uttar Pradesh,29.1,https://www.data.gov.in (resource fa1fdb29-f1ea-4a55-a413-9e6a2bcf88b6),,
2016-17,rice,Uttar Pradesh,23.54,https://www.data.gov.in (resource fa1fdb29-f1ea-4a55-a413-9e6a2bcf88b6),,
2014-15,rice,Uttarakhand,4.65,https://www.data.gov.in (resource fa1fdb29-f1ea-4a55-a413-9e6a2bcf88b6),,
2015-16,rice,Uttarakhand,5.98,https://www.data.gov.in (resource fa1fdb29-f1ea-4a55-a413-9e6a2bcf88b6),,
2016-17,rice,Uttarakhand,7.06,https://www.data.gov.in (resource fa1fdb29-f1ea-4a55-a413-9e6a2bcf88b6),,
2014-15,rice,West Bengal,20.32,https://www.data.gov.in (resource fa1fdb29-f1ea-4a55-a413-9e6a2bcf88b6),,
2015-16,rice,West Bengal,15.68,https://www.data.gov.in (resource fa1fdb29-f1ea-4a55-a413-9e6a2bcf88b6),,
2016-17,rice,West Bengal,19.23,https://www.data.gov.in (resource fa1fdb29-f1ea-4a55-a413-9e6a2bcf88b6),,
2014-15,rice,ALL_INDIA,320.4,https://www.data.gov.in (resource fa1fdb29-f1ea-4a55-a413-9e6a2bcf88b6),,
2015-16,rice,ALL_INDIA,342.18,https://www.data.gov.in (resource fa1fdb29-f1ea-4a55-a413-9e6a2bcf88b6),,
2016-17,rice,ALL_INDIA,381.06,https://www.data.gov.in (resource fa1fdb29-f1ea-4a55-a413-9e6a2bcf88b6),,
2017-18,rice,Andhra Pradesh,40.0,https://www.data.gov.in (resource 4312f8ec-1b06-4d6e-ab33-e0534698ff5b),,
2018-19,rice,Andhra Pradesh,48.06,https://www.data.gov.in (resource 4312f8ec-1b06-4d6e-ab33-e0534698ff5b),,
2019-20,rice,Andhra Pradesh,55.32,https://www.data.gov.in (resource 4312f8ec-1b06-4d6e-ab33-e0534698ff5b),,
2017-18,rice,Telangana,36.18,https://www.data.gov.in (resource 4312f8ec-1b06-4d6e-ab33-e0534698ff5b),,
2018-19,rice,Telangana,51.9,https://www.data.gov.in (resource 4312f8ec-1b06-4d6e-ab33-e0534698ff5b),,
2019-20,rice,Telangana,74.54,https://www.data.gov.in (resource 4312f8ec-1b06-4d6e-ab33-e0534698ff5b),,
2017-18,rice,Assam,0.35,https://www.data.gov.in (resource 4312f8ec-1b06-4d6e-ab33-e0534698ff5b),,
2018-19,rice,Assam,1.01,https://www.data.gov.in (resource 4312f8ec-1b06-4d6e-ab33-e0534698ff5b),,
2019-20,rice,Assam,2.11,https://www.data.gov.in (resource 4312f8ec-1b06-4d6e-ab33-e0534698ff5b),,
2017-18,rice,Bihar,7.93,https://www.data.gov.in (resource 4312f8ec-1b06-4d6e-ab33-e0534698ff5b),,
2018-19,rice,Bihar,9.49,https://www.data.gov.in (resource 4312f8ec-1b06-4d6e-ab33-e0534698ff5b),,
2019-20,rice,Bihar,13.41,https://www.data.gov.in (resource 4312f8ec-1b06-4d6e-ab33-e0534698ff5b),,
2017-18,rice,Chandigarh,0.14,https://www.data.gov.in (resource 4312f8ec-1b06-4d6e-ab33-e0534698ff5b),,
2018-19,rice,Chandigarh,0.13,https://www.data.gov.in (resource 4312f8ec-1b06-4d6e-ab33-e0534698ff5b),,
2019-20,rice,Chandigarh,0.15,https://www.data.gov.in (resource 4312f8ec-1b06-4d6e-ab33-e0534698ff5b),,
2017-18,rice,Chhattisgarh,32.55,https://www.data.gov.in (resource 4312f8ec-1b06-4d6e-ab33-e0534698ff5b),,
2018-19,rice,Chhattisgarh,39.71,https://www.data.gov.in (resource 4312f8ec-1b06-4d6e-ab33-e0534698ff5b),,
2019-20,rice,Chhattisgarh,52.23,https://www.data.gov.in (resource 4312f8ec-1b06-4d6e-ab33-e0534698ff5b),,
2018-19,rice,Delhi,0.0,https://www.data.gov.in (resource 4312f8ec-1b06-4d6e-ab33-e0534698ff5b),,
2017-18,rice,Gujarat,0.01,https://www.data.gov.in (resource 4312f8ec-1b06-4d6e-ab33-e0534698ff5b),,
2018-19,rice,Gujarat,0.09,https://www.data.gov.in (resource 4312f8ec-1b06-4d6e-ab33-e0534698ff5b),,
2019-20,rice,Gujarat,0.14,https://www.data.gov.in (resource 4312f8ec-1b06-4d6e-ab33-e0534698ff5b),,
2017-18,rice,Haryana,39.92,https://www.data.gov.in (resource 4312f8ec-1b06-4d6e-ab33-e0534698ff5b),,
2018-19,rice,Haryana,39.42,https://www.data.gov.in (resource 4312f8ec-1b06-4d6e-ab33-e0534698ff5b),,
2019-20,rice,Haryana,43.07,https://www.data.gov.in (resource 4312f8ec-1b06-4d6e-ab33-e0534698ff5b),,
2018-19,rice,Himachal Pradesh,0.0,https://www.data.gov.in (resource 4312f8ec-1b06-4d6e-ab33-e0534698ff5b),,
2017-18,rice,Jammu & Kashmir,0.13,https://www.data.gov.in (resource 4312f8ec-1b06-4d6e-ab33-e0534698ff5b),,
2018-19,rice,Jammu & Kashmir,0.09,https://www.data.gov.in (resource 4312f8ec-1b06-4d6e-ab33-e0534698ff5b),,
2019-20,rice,Jammu & Kashmir,0.1,https://www.data.gov.in (resource 4312f8ec-1b06-4d6e-ab33-e0534698ff5b),,
2017-18,rice,Jharkhand,1.43,https://www.data.gov.in (resource 4312f8ec-1b06-4d6e-ab33-e0534698ff5b),,
2018-19,rice,Jharkhand,1.53,https://www.data.gov.in (resource 4312f8ec-1b06-4d6e-ab33-e0534698ff5b),,
2019-20,rice,Jharkhand,2.55,https://www.data.gov.in (resource 4312f8ec-1b06-4d6e-ab33-e0534698ff5b),,
2018-19,rice,Karnataka,0.59,https://www.data.gov.in (resource 4312f8ec-1b06-4d6e-ab33-e0534698ff5b),,
2019-20,rice,Karnataka,0.41,https://www.data.gov.in (resource 4312f8ec-1b06-4d6e-ab33-e0534698ff5b),,
2017-18,rice,Kerala,3.29,https://www.data.gov.in (resource 4312f8ec-1b06-4d6e-ab33-e0534698ff5b),,
2018-19,rice,Kerala,4.65,https://www.data.gov.in (resource 4312f8ec-1b06-4d6e-ab33-e0534698ff5b),,
2019-20,rice,Kerala,4.82,https://www.data.gov.in (resource 4312f8ec-1b06-4d6e-ab33-e0534698ff5b),,
2017-18,rice,Madhya Pradesh,10.96,https://www.data.gov.in (resource 4312f8ec-1b06-4d6e-ab33-e0534698ff5b),,
2018-19,rice,Madhya Pradesh,13.95,https://www.data.gov.in (resource 4312f8ec-1b06-4d6e-ab33-e0534698ff5b),,
2019-20,rice,Madhya Pradesh,17.4,https://www.data.gov.in (resource 4312f8ec-1b06-4d6e-ab33-e0534698ff5b),,
2017-18,rice,Maharashtra,1.79,https://www.data.gov.in (resource 4312f8ec-1b06-4d6e-ab33-e0534698ff5b),,
2018-19,rice,Maharashtra,5.8,https://www.data.gov.in (resource 4312f8ec-1b06-4d6e-ab33-e0534698ff5b),,
2019-20,rice,Maharashtra,11.67,https://www.data.gov.in (resource 4312f8ec-1b06-4d6e-ab33-e0534698ff5b),,
2018-19,rice,Nagaland,0.0,https://www.data.gov.in (resource 4312f8ec-1b06-4d6e-ab33-e0534698ff5b),,
2019-20,rice,Nagaland,0.0,https://www.data.gov.in (resource 4312f8ec-1b06-4d6e-ab33-e0534698ff5b),,
2017-18,rice,Odisha,32.87,https://www.data.gov.in (resource 4312f8ec-1b06-4d6e-ab33-e0534698ff5b),,
2018-19,rice,Odisha,44.48,https://www.data.gov.in (resource 4312f8ec-1b06-4d6e-ab33-e0534698ff5b),,
2019-20,rice,Odisha,47.98,https://www.data.gov.in (resource 4312f8ec-1b06-4d6e-ab33-e0534698ff5b),,
2018-19,rice,Puducherry,0.0,https://www.data.gov.in (resource 4312f8ec-1b06-4d6e-ab33-e0534698ff5b),,
2019-20,rice,Puducherry,0.0,https://www.data.gov.in (resource 4312f8ec-1b06-4d6e-ab33-e0534698ff5b),,
2017-18,rice,Punjab,118.33,https://www.data.gov.in (resource 4312f8ec-1b06-4d6e-ab33-e0534698ff5b),,
2018-19,rice,Punjab,113.34,https://www.data.gov.in (resource 4312f8ec-1b06-4d6e-ab33-e0534698ff5b),,
2019-20,rice,Punjab,108.76,https://www.data.gov.in (resource 4312f8ec-1b06-4d6e-ab33-e0534698ff5b),,
2018-19,rice,Tripura,0.07,https://www.data.gov.in (resource 4312f8ec-1b06-4d6e-ab33-e0534698ff5b),,
2019-20,rice,Tripura,0.14,https://www.data.gov.in (resource 4312f8ec-1b06-4d6e-ab33-e0534698ff5b),,
2018-19,rice,Rajasthan,0.0,https://www.data.gov.in (resource 4312f8ec-1b06-4d6e-ab33-e0534698ff5b),,
2017-18,rice,Tamil Nadu,10.11,https://www.data.gov.in (resource 4312f8ec-1b06-4d6e-ab33-e0534698ff5b),,
2018-19,rice,Tamil Nadu,12.94,https://www.data.gov.in (resource 4312f8ec-1b06-4d6e-ab33-e0534698ff5b),,
2019-20,rice,Tamil Nadu,22.04,https://www.data.gov.in (resource 4312f8ec-1b06-4d6e-ab33-e0534698ff5b),,
2017-18,rice,Uttar Pradesh,28.75,https://www.data.gov.in (resource 4312f8ec-1b06-4d6e-ab33-e0534698ff5b),,
2018-19,rice,Uttar Pradesh,32.33,https://www.data.gov.in (resource 4312f8ec-1b06-4d6e-ab33-e0534698ff5b),,
2019-20,rice,Uttar Pradesh,37.9,https://www.data.gov.in (resource 4312f8ec-1b06-4d6e-ab33-e0534698ff5b),,
2017-18,rice,Uttarakhand,0.38,https://www.data.gov.in (resource 4312f8ec-1b06-4d6e-ab33-e0534698ff5b),,
2018-19,rice,Uttarakhand,4.62,https://www.data.gov.in (resource 4312f8ec-1b06-4d6e-ab33-e0534698ff5b),,
2019-20,rice,Uttarakhand,6.82,https://www.data.gov.in (resource 4312f8ec-1b06-4d6e-ab33-e0534698ff5b),,
2017-18,rice,West Bengal,16.73,https://www.data.gov.in (resource 4312f8ec-1b06-4d6e-ab33-e0534698ff5b),,
2018-19,rice,West Bengal,19.79,https://www.data.gov.in (resource 4312f8ec-1b06-4d6e-ab33-e0534698ff5b),,
2019-20,rice,West Bengal,18.38,https://www.data.gov.in (resource 4312f8ec-1b06-4d6e-ab33-e0534698ff5b),,
2018-19,rice,Others,0.0,https://www.data.gov.in (resource 4312f8ec-1b06-4d6e-ab33-e0534698ff5b),,
2017-18,rice,ALL_INDIA,381.85,https://www.data.gov.in (resource 4312f8ec-1b06-4d6e-ab33-e0534698ff5b),,
2018-19,rice,ALL_INDIA,443.99,https://www.data.gov.in (resource 4312f8ec-1b06-4d6e-ab33-e0534698ff5b),,
2019-20,rice,ALL_INDIA,519.97,https://www.data.gov.in (resource 4312f8ec-1b06-4d6e-ab33-e0534698ff5b),,
2020-21,rice,Andhra Pradesh,56.66,https://www.data.gov.in (resource 4420e699-6170-4c8b-b07e-6cf2f8878d31),,
2021-22,rice,Andhra Pradesh,44.61,https://www.data.gov.in (resource 4420e699-6170-4c8b-b07e-6cf2f8878d31),,
2022-23,rice,Andhra Pradesh,27.55,https://www.data.gov.in (resource 4420e699-6170-4c8b-b07e-6cf2f8878d31),,
2020-21,rice,Telangana,94.53,https://www.data.gov.in (resource 4420e699-6170-4c8b-b07e-6cf2f8878d31),,
2021-22,rice,Telangana,73.94,https://www.data.gov.in (resource 4420e699-6170-4c8b-b07e-6cf2f8878d31),,
2022-23,rice,Telangana,88.35,https://www.data.gov.in (resource 4420e699-6170-4c8b-b07e-6cf2f8878d31),,
2020-21,rice,Assam,1.41,https://www.data.gov.in (resource 4420e699-6170-4c8b-b07e-6cf2f8878d31),,
2021-22,rice,Assam,3.79,https://www.data.gov.in (resource 4420e699-6170-4c8b-b07e-6cf2f8878d31),,
2022-23,rice,Assam,4.01,https://www.data.gov.in (resource 4420e699-6170-4c8b-b07e-6cf2f8878d31),,
2020-21,rice,Bihar,23.84,https://www.data.gov.in (resource 4420e699-6170-4c8b-b07e-6cf2f8878d31),,
2021-22,rice,Bihar,30.09,https://www.data.gov.in (resource 4420e699-6170-4c8b-b07e-6cf2f8878d31),,
2022-23,rice,Bihar,28.17,https://www.data.gov.in (resource 4420e699-6170-4c8b-b07e-6cf2f8878d31),,
2020-21,rice,Chandigarh,0.19,https://www.data.gov.in (resource 4420e699-6170-4c8b-b07e-6cf2f8878d31),,
2021-22,rice,Chandigarh,0.18,https://www.data.gov.in (resource 4420e699-6170-4c8b-b07e-6cf2f8878d31),,
2022-23,rice,Chandigarh,0.13,https://www.data.gov.in (resource 4420e699-6170-4c8b-b07e-6cf2f8878d31),,
2020-21,rice,Chhattisgarh,47.62,https://www.data.gov.in (resource 4420e699-6170-4c8b-b07e-6cf2f8878d31),,
2021-22,rice,Chhattisgarh,61.65,https://www.data.gov.in (resource 4420e699-6170-4c8b-b07e-6cf2f8878d31),,
2022-23,rice,Chhattisgarh,58.65,https://www.data.gov.in (resource 4420e699-6170-4c8b-b07e-6cf2f8878d31),,
2020-21,rice,Delhi,0.0,https://www.data.gov.in (resource 4420e699-6170-4c8b-b07e-6cf2f8878d31),,
2021-22,rice,Delhi,0.0,https://www.data.gov.in (resource 4420e699-6170-4c8b-b07e-6cf2f8878d31),,
2022-23,rice,Delhi,0.0,https://www.data.gov.in (resource 4420e699-6170-4c8b-b07e-6cf2f8878d31),,
2020-21,rice,Gujarat,0.74,https://www.data.gov.in (resource 4420e699-6170-4c8b-b07e-6cf2f8878d31),,
2021-22,rice,Gujarat,0.82,https://www.data.gov.in (resource 4420e699-6170-4c8b-b07e-6cf2f8878d31),,
2022-23,rice,Gujarat,1.18,https://www.data.gov.in (resource 4420e699-6170-4c8b-b07e-6cf2f8878d31),,
2020-21,rice,Haryana,37.89,https://www.data.gov.in (resource 4420e699-6170-4c8b-b07e-6cf2f8878d31),,
2021-22,rice,Haryana,37.06,https://www.data.gov.in (resource 4420e699-6170-4c8b-b07e-6cf2f8878d31),,
2022-23,rice,Haryana,39.77,https://www.data.gov.in (resource 4420e699-6170-4c8b-b07e-6cf2f8878d31),,
2020-21,rice,Himachal Pradesh,0.0,https://www.data.gov.in (resource 4420e699-6170-4c8b-b07e-6cf2f8878d31),,
2021-22,rice,Himachal Pradesh,0.19,https://www.data.gov.in (resource 4420e699-6170-4c8b-b07e-6cf2f8878d31),,
2022-23,rice,Himachal Pradesh,0.09,https://www.data.gov.in (resource 4420e699-6170-4c8b-b07e-6cf2f8878d31),,
2020-21,rice,Jharkhand,4.28,https://www.data.gov.in (resource 4420e699-6170-4c8b-b07e-6cf2f8878d31),,
2021-22,rice,Jharkhand,5.12,https://www.data.gov.in (resource 4420e699-6170-4c8b-b07e-6cf2f8878d31),,
2022-23,rice,Jharkhand,1.17,https://www.data.gov.in (resource 4420e699-6170-4c8b-b07e-6cf2f8878d31),,
2020-21,rice,Jammu & Kashmir,0.26,https://www.data.gov.in (resource 4420e699-6170-4c8b-b07e-6cf2f8878d31),,
2021-22,rice,Jammu & Kashmir,0.27,https://www.data.gov.in (resource 4420e699-6170-4c8b-b07e-6cf2f8878d31),,
2022-23,rice,Jammu & Kashmir,0.22,https://www.data.gov.in (resource 4420e699-6170-4c8b-b07e-6cf2f8878d31),,
2020-21,rice,Karnataka,1.38,https://www.data.gov.in (resource 4420e699-6170-4c8b-b07e-6cf2f8878d31),,
2021-22,rice,Karnataka,1.47,https://www.data.gov.in (resource 4420e699-6170-4c8b-b07e-6cf2f8878d31),,
2022-23,rice,Karnataka,0.14,https://www.data.gov.in (resource 4420e699-6170-4c8b-b07e-6cf2f8878d31),,
2020-21,rice,Kerala,5.2,https://www.data.gov.in (resource 4420e699-6170-4c8b-b07e-6cf2f8878d31),,
2021-22,rice,Kerala,5.09,https://www.data.gov.in (resource 4420e699-6170-4c8b-b07e-6cf2f8878d31),,
2022-23,rice,Kerala,4.97,https://www.data.gov.in (resource 4420e699-6170-4c8b-b07e-6cf2f8878d31),,
2020-21,rice,Madhya Pradesh,24.97,https://www.data.gov.in (resource 4420e699-6170-4c8b-b07e-6cf2f8878d31),,
2021-22,rice,Madhya Pradesh,30.7,https://www.data.gov.in (resource 4420e699-6170-4c8b-b07e-6cf2f8878d31),,
2022-23,rice,Madhya Pradesh,31.02,https://www.data.gov.in (resource 4420e699-6170-4c8b-b07e-6cf2f8878d31),,
2020-21,rice,Maharashtra,12.72,https://www.data.gov.in (resource 4420e699-6170-4c8b-b07e-6cf2f8878d31),,
2021-22,rice,Maharashtra,12.27,https://www.data.gov.in (resource 4420e699-6170-4c8b-b07e-6cf2f8878d31),,
2022-23,rice,Maharashtra,12.38,https://www.data.gov.in (resource 4420e699-6170-4c8b-b07e-6cf2f8878d31),,
2020-21,rice,Odisha,52.58,https://www.data.gov.in (resource 4420e699-6170-4c8b-b07e-6cf2f8878d31),,
2021-22,rice,Odisha,48.31,https://www.data.gov.in (resource 4420e699-6170-4c8b-b07e-6cf2f8878d31),,
2022-23,rice,Odisha,53.83,https://www.data.gov.in (resource 4420e699-6170-4c8b-b07e-6cf2f8878d31),,
2020-21,rice,Puducherry,0.0,https://www.data.gov.in (resource 4420e699-6170-4c8b-b07e-6cf2f8878d31),,
2021-22,rice,Puducherry,0.0,https://www.data.gov.in (resource 4420e699-6170-4c8b-b07e-6cf2f8878d31),,
2022-23,rice,Puducherry,0.0,https://www.data.gov.in (resource 4420e699-6170-4c8b-b07e-6cf2f8878d31),,
2020-21,rice,Punjab,135.89,https://www.data.gov.in (resource 4420e699-6170-4c8b-b07e-6cf2f8878d31),,
2021-22,rice,Punjab,125.48,https://www.data.gov.in (resource 4420e699-6170-4c8b-b07e-6cf2f8878d31),,
2022-23,rice,Punjab,122.01,https://www.data.gov.in (resource 4420e699-6170-4c8b-b07e-6cf2f8878d31),,
2020-21,rice,Tripura,0.16,https://www.data.gov.in (resource 4420e699-6170-4c8b-b07e-6cf2f8878d31),,
2021-22,rice,Tripura,0.39,https://www.data.gov.in (resource 4420e699-6170-4c8b-b07e-6cf2f8878d31),,
2022-23,rice,Tripura,0.3,https://www.data.gov.in (resource 4420e699-6170-4c8b-b07e-6cf2f8878d31),,
2020-21,rice,Tamil Nadu,30.53,https://www.data.gov.in (resource 4420e699-6170-4c8b-b07e-6cf2f8878d31),,
2021-22,rice,Tamil Nadu,18.76,https://www.data.gov.in (resource 4420e699-6170-4c8b-b07e-6cf2f8878d31),,
2022-23,rice,Tamil Nadu,23.01,https://www.data.gov.in (resource 4420e699-6170-4c8b-b07e-6cf2f8878d31),,
2020-21,rice,Uttar Pradesh,44.78,https://www.data.gov.in (resource 4420e699-6170-4c8b-b07e-6cf2f8878d31),,
2021-22,rice,Uttar Pradesh,43.91,https://www.data.gov.in (resource 4420e699-6170-4c8b-b07e-6cf2f8878d31),,
2022-23,rice,Uttar Pradesh,43.89,https://www.data.gov.in (resource 4420e699-6170-4c8b-b07e-6cf2f8878d31),,
2020-21,rice,Uttarakhand,7.18,https://www.data.gov.in (resource 4420e699-6170-4c8b-b07e-6cf2f8878d31),,
2021-22,rice,Uttarakhand,7.74,https://www.data.gov.in (resource 4420e699-6170-4c8b-b07e-6cf2f8878d31),,
2022-23,rice,Uttarakhand,6.0,https://www.data.gov.in (resource 4420e699-6170-4c8b-b07e-6cf2f8878d31),,
2020-21,rice,West Bengal,18.9,https://www.data.gov.in (resource 4420e699-6170-4c8b-b07e-6cf2f8878d31),,
2021-22,rice,West Bengal,24.01,https://www.data.gov.in (resource 4420e699-6170-4c8b-b07e-6cf2f8878d31),,
2022-23,rice,West Bengal,21.82,https://www.data.gov.in (resource 4420e699-6170-4c8b-b07e-6cf2f8878d31),,
2021-22,rice,Rajasthan,0.05,https://www.data.gov.in (resource 4420e699-6170-4c8b-b07e-6cf2f8878d31),,
2022-23,rice,Rajasthan,0.0,https://www.data.gov.in (resource 4420e699-6170-4c8b-b07e-6cf2f8878d31),,
2020-21,rice,ALL_INDIA,601.73,https://www.data.gov.in (resource 4420e699-6170-4c8b-b07e-6cf2f8878d31),,
2021-22,rice,ALL_INDIA,575.88,https://www.data.gov.in (resource 4420e699-6170-4c8b-b07e-6cf2f8878d31),,
2022-23,rice,ALL_INDIA,568.66,https://www.data.gov.in (resource 4420e699-6170-4c8b-b07e-6cf2f8878d31),,
2011-12,wheat,Punjab,109.58,https://www.data.gov.in (resource 29927e68-d320-409d-a6a5-7d7225896618),,
2012-13,wheat,Punjab,128.34,https://www.data.gov.in (resource 29927e68-d320-409d-a6a5-7d7225896618),,
2013-14,wheat,Punjab,108.97,https://www.data.gov.in (resource 29927e68-d320-409d-a6a5-7d7225896618),,
2011-12,wheat,Haryana,69.28,https://www.data.gov.in (resource 29927e68-d320-409d-a6a5-7d7225896618),,
2012-13,wheat,Haryana,86.65,https://www.data.gov.in (resource 29927e68-d320-409d-a6a5-7d7225896618),,
2013-14,wheat,Haryana,58.73,https://www.data.gov.in (resource 29927e68-d320-409d-a6a5-7d7225896618),,
2011-12,wheat,Uttar Pradesh,34.61,https://www.data.gov.in (resource 29927e68-d320-409d-a6a5-7d7225896618),,
2012-13,wheat,Uttar Pradesh,50.63,https://www.data.gov.in (resource 29927e68-d320-409d-a6a5-7d7225896618),,
2013-14,wheat,Uttar Pradesh,6.83,https://www.data.gov.in (resource 29927e68-d320-409d-a6a5-7d7225896618),,
2011-12,wheat,Uttarakhand,0.42,https://www.data.gov.in (resource 29927e68-d320-409d-a6a5-7d7225896618),,
2012-13,wheat,Uttarakhand,1.39,https://www.data.gov.in (resource 29927e68-d320-409d-a6a5-7d7225896618),,
2013-14,wheat,Uttarakhand,0.05,https://www.data.gov.in (resource 29927e68-d320-409d-a6a5-7d7225896618),,
2011-12,wheat,Madhya Pradesh,49.65,https://www.data.gov.in (resource 29927e68-d320-409d-a6a5-7d7225896618),,
2012-13,wheat,Madhya Pradesh,84.93,https://www.data.gov.in (resource 29927e68-d320-409d-a6a5-7d7225896618),,
2013-14,wheat,Madhya Pradesh,63.55,https://www.data.gov.in (resource 29927e68-d320-409d-a6a5-7d7225896618),,
2011-12,wheat,Gujarat,1.05,https://www.data.gov.in (resource 29927e68-d320-409d-a6a5-7d7225896618),,
2012-13,wheat,Gujarat,1.56,https://www.data.gov.in (resource 29927e68-d320-409d-a6a5-7d7225896618),,
2013-14,wheat,Gujarat,0.0,https://www.data.gov.in (resource 29927e68-d320-409d-a6a5-7d7225896618),,
2011-12,wheat,Rajasthan,13.03,https://www.data.gov.in (resource 29927e68-d320-409d-a6a5-7d7225896618),,
2012-13,wheat,Rajasthan,19.64,https://www.data.gov.in (resource 29927e68-d320-409d-a6a5-7d7225896618),,
2013-14,wheat,Rajasthan,12.68,https://www.data.gov.in (resource 29927e68-d320-409d-a6a5-7d7225896618),,
2011-12,wheat,Bihar,5.57,https://www.data.gov.in (resource 29927e68-d320-409d-a6a5-7d7225896618),,
2012-13,wheat,Bihar,7.72,https://www.data.gov.in (resource 29927e68-d320-409d-a6a5-7d7225896618),,
2013-14,wheat,Bihar,0.0,https://www.data.gov.in (resource 29927e68-d320-409d-a6a5-7d7225896618),,
2011-12,wheat,Jharkhand,0.0,https://www.data.gov.in (resource 29927e68-d320-409d-a6a5-7d7225896618),,
2012-13,wheat,Jharkhand,0.0,https://www.data.gov.in (resource 29927e68-d320-409d-a6a5-7d7225896618),,
2013-14,wheat,Jharkhand,0.0,https://www.data.gov.in (resource 29927e68-d320-409d-a6a5-7d7225896618),,
2011-12,wheat,Karnataka,0.0,https://www.data.gov.in (resource 29927e68-d320-409d-a6a5-7d7225896618),,
2012-13,wheat,Karnataka,0.0,https://www.data.gov.in (resource 29927e68-d320-409d-a6a5-7d7225896618),,
2013-14,wheat,Karnataka,0.0,https://www.data.gov.in (resource 29927e68-d320-409d-a6a5-7d7225896618),,
2011-12,wheat,Delhi,0.08,https://www.data.gov.in (resource 29927e68-d320-409d-a6a5-7d7225896618),,
2012-13,wheat,Delhi,0.31,https://www.data.gov.in (resource 29927e68-d320-409d-a6a5-7d7225896618),,
2013-14,wheat,Delhi,0.0,https://www.data.gov.in (resource 29927e68-d320-409d-a6a5-7d7225896618),,
2011-12,wheat,Jammu & Kashmir,0.0,https://www.data.gov.in (resource 29927e68-d320-409d-a6a5-7d7225896618),,
2012-13,wheat,Jammu & Kashmir,0.09,https://www.data.gov.in (resource 29927e68-d320-409d-a6a5-7d7225896618),,
2013-14,wheat,Jammu & Kashmir,0.0,https://www.data.gov.in (resource 29927e68-d320-409d-a6a5-7d7225896618),,
2011-12,wheat,Maharashtra,0.0,https://www.data.gov.in (resource 29927e68-d320-409d-a6a5-7d7225896618),,
2012-13,wheat,Maharashtra,0.02,https://www.data.gov.in (resource 29927e68-d320-409d-a6a5-7d7225896618),,
2013-14,wheat,Maharashtra,0.0,https://www.data.gov.in (resource 29927e68-d320-409d-a6a5-7d7225896618),,
2011-12,wheat,Odisha,0.0,https://www.data.gov.in (resource 29927e68-d320-409d-a6a5-7d7225896618),,
2012-13,wheat,Odisha,0.0,https://www.data.gov.in (resource 29927e68-d320-409d-a6a5-7d7225896618),,
2013-14,wheat,Odisha,0.0,https://www.data.gov.in (resource 29927e68-d320-409d-a6a5-7d7225896618),,
2011-12,wheat,Himachal Pradesh,0.01,https://www.data.gov.in (resource 29927e68-d320-409d-a6a5-7d7225896618),,
2012-13,wheat,Himachal Pradesh,0.01,https://www.data.gov.in (resource 29927e68-d320-409d-a6a5-7d7225896618),,
2013-14,wheat,Himachal Pradesh,0.0,https://www.data.gov.in (resource 29927e68-d320-409d-a6a5-7d7225896618),,
2011-12,wheat,Chandigarh,0.07,https://www.data.gov.in (resource 29927e68-d320-409d-a6a5-7d7225896618),,
2012-13,wheat,Chandigarh,0.17,https://www.data.gov.in (resource 29927e68-d320-409d-a6a5-7d7225896618),,
2013-14,wheat,Chandigarh,0.0,https://www.data.gov.in (resource 29927e68-d320-409d-a6a5-7d7225896618),,
2011-12,wheat,West Bengal,0.0,https://www.data.gov.in (resource 29927e68-d320-409d-a6a5-7d7225896618),,
2012-13,wheat,West Bengal,0.02,https://www.data.gov.in (resource 29927e68-d320-409d-a6a5-7d7225896618),,
2013-14,wheat,West Bengal,0.02,https://www.data.gov.in (resource 29927e68-d320-409d-a6a5-7d7225896618),,
2011-12,wheat,Chhattisgarh,0.0,https://www.data.gov.in (resource 29927e68-d320-409d-a6a5-7d7225896618),,
2012-13,wheat,Chhattisgarh,0.0,https://www.data.gov.in (resource 29927e68-d320-409d-a6a5-7d7225896618),,
2013-14,wheat,Chhattisgarh,0.09,https://www.data.gov.in (resource 29927e68-d320-409d-a6a5-7d7225896618),,
2011-12,wheat,Andhra Pradesh,0.0,https://www.data.gov.in (resource 29927e68-d320-409d-a6a5-7d7225896618),,
2012-13,wheat,Andhra Pradesh,0.0,https://www.data.gov.in (resource 29927e68-d320-409d-a6a5-7d7225896618),,
2013-14,wheat,Andhra Pradesh,0.0,https://www.data.gov.in (resource 29927e68-d320-409d-a6a5-7d7225896618),,
2011-12,wheat,Assam,0.0,https://www.data.gov.in (resource 29927e68-d320-409d-a6a5-7d7225896618),,
2012-13,wheat,Assam,0.0,https://www.data.gov.in (resource 29927e68-d320-409d-a6a5-7d7225896618),,
2013-14,wheat,Assam,0.0,https://www.data.gov.in (resource 29927e68-d320-409d-a6a5-7d7225896618),,
2011-12,wheat,Others,0.0,https://www.data.gov.in (resource 29927e68-d320-409d-a6a5-7d7225896618),,
2012-13,wheat,Others,0.0,https://www.data.gov.in (resource 29927e68-d320-409d-a6a5-7d7225896618),,
2013-14,wheat,Others,0.0,https://www.data.gov.in (resource 29927e68-d320-409d-a6a5-7d7225896618),,
2011-12,wheat,ALL_INDIA,283.35,https://www.data.gov.in (resource 29927e68-d320-409d-a6a5-7d7225896618),,
2012-13,wheat,ALL_INDIA,381.48,https://www.data.gov.in (resource 29927e68-d320-409d-a6a5-7d7225896618),,
2013-14,wheat,ALL_INDIA,250.92,https://www.data.gov.in (resource 29927e68-d320-409d-a6a5-7d7225896618),,
2014-15,wheat,Punjab,116.41,https://www.data.gov.in (resource 674c639a-f97a-4d4e-b4b4-73ee7a5b7e9c),,
2015-16,wheat,Punjab,103.44,https://www.data.gov.in (resource 674c639a-f97a-4d4e-b4b4-73ee7a5b7e9c),,
2016-17,wheat,Punjab,106.49,https://www.data.gov.in (resource 674c639a-f97a-4d4e-b4b4-73ee7a5b7e9c),,
2017-18,wheat,Punjab,117.06,https://www.data.gov.in (resource 674c639a-f97a-4d4e-b4b4-73ee7a5b7e9c),,
2014-15,wheat,Haryana,64.95,https://www.data.gov.in (resource 674c639a-f97a-4d4e-b4b4-73ee7a5b7e9c),,
2015-16,wheat,Haryana,67.78,https://www.data.gov.in (resource 674c639a-f97a-4d4e-b4b4-73ee7a5b7e9c),,
2016-17,wheat,Haryana,67.52,https://www.data.gov.in (resource 674c639a-f97a-4d4e-b4b4-73ee7a5b7e9c),,
2017-18,wheat,Haryana,74.32,https://www.data.gov.in (resource 674c639a-f97a-4d4e-b4b4-73ee7a5b7e9c),,
2014-15,wheat,Uttar Pradesh,6.28,https://www.data.gov.in (resource 674c639a-f97a-4d4e-b4b4-73ee7a5b7e9c),,
2015-16,wheat,Uttar Pradesh,22.67,https://www.data.gov.in (resource 674c639a-f97a-4d4e-b4b4-73ee7a5b7e9c),,
2016-17,wheat,Uttar Pradesh,7.97,https://www.data.gov.in (resource 674c639a-f97a-4d4e-b4b4-73ee7a5b7e9c),,
2017-18,wheat,Uttar Pradesh,36.99,https://www.data.gov.in (resource 674c639a-f97a-4d4e-b4b4-73ee7a5b7e9c),,
2014-15,wheat,Madhya Pradesh,70.94,https://www.data.gov.in (resource 674c639a-f97a-4d4e-b4b4-73ee7a5b7e9c),,
2015-16,wheat,Madhya Pradesh,73.09,https://www.data.gov.in (resource 674c639a-f97a-4d4e-b4b4-73ee7a5b7e9c),,
2016-17,wheat,Madhya Pradesh,39.92,https://www.data.gov.in (resource 674c639a-f97a-4d4e-b4b4-73ee7a5b7e9c),,
2017-18,wheat,Madhya Pradesh,67.25,https://www.data.gov.in (resource 674c639a-f97a-4d4e-b4b4-73ee7a5b7e9c),,
2014-15,wheat,Rajasthan,21.59,https://www.data.gov.in (resource 674c639a-f97a-4d4e-b4b4-73ee7a5b7e9c),,
2015-16,wheat,Rajasthan,13.0,https://www.data.gov.in (resource 674c639a-f97a-4d4e-b4b4-73ee7a5b7e9c),,
2016-17,wheat,Rajasthan,7.62,https://www.data.gov.in (resource 674c639a-f97a-4d4e-b4b4-73ee7a5b7e9c),,
2017-18,wheat,Rajasthan,12.45,https://www.data.gov.in (resource 674c639a-f97a-4d4e-b4b4-73ee7a5b7e9c),,
2014-15,wheat,Uttarakhand,0.01,https://www.data.gov.in (resource 674c639a-f97a-4d4e-b4b4-73ee7a5b7e9c),,
2015-16,wheat,Uttarakhand,0.04,https://www.data.gov.in (resource 674c639a-f97a-4d4e-b4b4-73ee7a5b7e9c),,
2016-17,wheat,Uttarakhand,0.02,https://www.data.gov.in (resource 674c639a-f97a-4d4e-b4b4-73ee7a5b7e9c),,
2017-18,wheat,Uttarakhand,0.02,https://www.data.gov.in (resource 674c639a-f97a-4d4e-b4b4-73ee7a5b7e9c),,
2014-15,wheat,Chandigarh,0.05,https://www.data.gov.in (resource 674c639a-f97a-4d4e-b4b4-73ee7a5b7e9c),,
2015-16,wheat,Chandigarh,0.11,https://www.data.gov.in (resource 674c639a-f97a-4d4e-b4b4-73ee7a5b7e9c),,
2016-17,wheat,Chandigarh,0.07,https://www.data.gov.in (resource 674c639a-f97a-4d4e-b4b4-73ee7a5b7e9c),,
2017-18,wheat,Chandigarh,0.08,https://www.data.gov.in (resource 674c639a-f97a-4d4e-b4b4-73ee7a5b7e9c),,
2015-16,wheat,Delhi,0.02,https://www.data.gov.in (resource 674c639a-f97a-4d4e-b4b4-73ee7a5b7e9c),,
2016-17,wheat,Delhi,0.0,https://www.data.gov.in (resource 674c639a-f97a-4d4e-b4b4-73ee7a5b7e9c),,
2017-18,wheat,Delhi,0.0,https://www.data.gov.in (resource 674c639a-f97a-4d4e-b4b4-73ee7a5b7e9c),,
2015-16,wheat,Gujarat,0.73,https://www.data.gov.in (resource 674c639a-f97a-4d4e-b4b4-73ee7a5b7e9c),,
2016-17,wheat,Gujarat,0.0,https://www.data.gov.in (resource 674c639a-f97a-4d4e-b4b4-73ee7a5b7e9c),,
2017-18,wheat,Gujarat,0.07,https://www.data.gov.in (resource 674c639a-f97a-4d4e-b4b4-73ee7a5b7e9c),,
2014-15,wheat,ALL_INDIA,280.23,https://www.data.gov.in (resource 674c639a-f97a-4d4e-b4b4-73ee7a5b7e9c),,
2015-16,wheat,ALL_INDIA,280.88,https://www.data.gov.in (resource 674c639a-f97a-4d4e-b4b4-73ee7a5b7e9c),,
2016-17,wheat,ALL_INDIA,229.61,https://www.data.gov.in (resource 674c639a-f97a-4d4e-b4b4-73ee7a5b7e9c),,
2017-18,wheat,ALL_INDIA,308.24,https://www.data.gov.in (resource 674c639a-f97a-4d4e-b4b4-73ee7a5b7e9c),,
2018-19,wheat,Punjab,126.92,https://www.data.gov.in (resource f2d1ec81-8952-4091-802b-1033cca11353),,
2019-20,wheat,Punjab,129.12,https://www.data.gov.in (resource f2d1ec81-8952-4091-802b-1033cca11353),,
2018-19,wheat,Haryana,87.84,https://www.data.gov.in (resource f2d1ec81-8952-4091-802b-1033cca11353),,
2019-20,wheat,Haryana,93.2,https://www.data.gov.in (resource f2d1ec81-8952-4091-802b-1033cca11353),,
2018-19,wheat,Uttar Pradesh,52.94,https://www.data.gov.in (resource f2d1ec81-8952-4091-802b-1033cca11353),,
2019-20,wheat,Uttar Pradesh,37.0,https://www.data.gov.in (resource f2d1ec81-8952-4091-802b-1033cca11353),,
2018-19,wheat,Uttarakhand,1.1,https://www.data.gov.in (resource f2d1ec81-8952-4091-802b-1033cca11353),,
2019-20,wheat,Uttarakhand,0.42,https://www.data.gov.in (resource f2d1ec81-8952-4091-802b-1033cca11353),,
2018-19,wheat,Madhya Pradesh,73.13,https://www.data.gov.in (resource f2d1ec81-8952-4091-802b-1033cca11353),,
2019-20,wheat,Madhya Pradesh,67.25,https://www.data.gov.in (resource f2d1ec81-8952-4091-802b-1033cca11353),,
2018-19,wheat,Gujarat,0.37,https://www.data.gov.in (resource f2d1ec81-8952-4091-802b-1033cca11353),,
2019-20,wheat,Gujarat,0.05,https://www.data.gov.in (resource f2d1ec81-8952-4091-802b-1033cca11353),,
2018-19,wheat,Rajasthan,15.32,https://www.data.gov.in (resource f2d1ec81-8952-4091-802b-1033cca11353),,
2019-20,wheat,Rajasthan,14.11,https://www.data.gov.in (resource f2d1ec81-8952-4091-802b-1033cca11353),,
2018-19,wheat,Bihar,0.18,https://www.data.gov.in (resource f2d1ec81-8952-4091-802b-1033cca11353),,
2019-20,wheat,Bihar,0.03,https://www.data.gov.in (resource f2d1ec81-8952-4091-802b-1033cca11353),,
2018-19,wheat,Himachal Pradesh,0.01,https://www.data.gov.in (resource f2d1ec81-8952-4091-802b-1033cca11353),,
2019-20,wheat,Himachal Pradesh,0.01,https://www.data.gov.in (resource f2d1ec81-8952-4091-802b-1033cca11353),,
2018-19,wheat,Chandigarh,0.14,https://www.data.gov.in (resource f2d1ec81-8952-4091-802b-1033cca11353),,
2019-20,wheat,Chandigarh,0.12,https://www.data.gov.in (resource f2d1ec81-8952-4091-802b-1033cca11353),,
2018-19,wheat,ALL_INDIA,357.95,https://www.data.gov.in (resource f2d1ec81-8952-4091-802b-1033cca11353),,
2019-20,wheat,ALL_INDIA,341.33,https://www.data.gov.in (resource f2d1ec81-8952-4091-802b-1033cca11353),,
2020-21,wheat,Punjab,127.14,https://www.data.gov.in (resource 235a38be-4e75-43f0-9b50-3f5cca09d2ad),,
2021-22,wheat,Punjab,132.22,https://www.data.gov.in (resource 235a38be-4e75-43f0-9b50-3f5cca09d2ad),,
2022-23,wheat,Punjab,96.45,https://www.data.gov.in (resource 235a38be-4e75-43f0-9b50-3f5cca09d2ad),,
2023-24,wheat,Punjab,121.17,https://www.data.gov.in (resource 235a38be-4e75-43f0-9b50-3f5cca09d2ad),,
2020-21,wheat,Haryana,74.0,https://www.data.gov.in (resource 235a38be-4e75-43f0-9b50-3f5cca09d2ad),,
2021-22,wheat,Haryana,84.93,https://www.data.gov.in (resource 235a38be-4e75-43f0-9b50-3f5cca09d2ad),,
2022-23,wheat,Haryana,41.86,https://www.data.gov.in (resource 235a38be-4e75-43f0-9b50-3f5cca09d2ad),,
2023-24,wheat,Haryana,63.17,https://www.data.gov.in (resource 235a38be-4e75-43f0-9b50-3f5cca09d2ad),,
2020-21,wheat,Uttar Pradesh,35.77,https://www.data.gov.in (resource 235a38be-4e75-43f0-9b50-3f5cca09d2ad),,
2021-22,wheat,Uttar Pradesh,56.41,https://www.data.gov.in (resource 235a38be-4e75-43f0-9b50-3f5cca09d2ad),,
2022-23,wheat,Uttar Pradesh,3.36,https://www.data.gov.in (resource 235a38be-4e75-43f0-9b50-3f5cca09d2ad),,
2023-24,wheat,Uttar Pradesh,2.2,https://www.data.gov.in (resource 235a38be-4e75-43f0-9b50-3f5cca09d2ad),,
2020-21,wheat,Madhya Pradesh,129.42,https://www.data.gov.in (resource 235a38be-4e75-43f0-9b50-3f5cca09d2ad),,
2021-22,wheat,Madhya Pradesh,128.16,https://www.data.gov.in (resource 235a38be-4e75-43f0-9b50-3f5cca09d2ad),,
2022-23,wheat,Madhya Pradesh,46.03,https://www.data.gov.in (resource 235a38be-4e75-43f0-9b50-3f5cca09d2ad),,
2023-24,wheat,Madhya Pradesh,70.97,https://www.data.gov.in (resource 235a38be-4e75-43f0-9b50-3f5cca09d2ad),,
2020-21,wheat,Bihar,0.05,https://www.data.gov.in (resource 235a38be-4e75-43f0-9b50-3f5cca09d2ad),,
2021-22,wheat,Bihar,4.56,https://www.data.gov.in (resource 235a38be-4e75-43f0-9b50-3f5cca09d2ad),,
2022-23,wheat,Bihar,0.04,https://www.data.gov.in (resource 235a38be-4e75-43f0-9b50-3f5cca09d2ad),,
2023-24,wheat,Bihar,0.01,https://www.data.gov.in (resource 235a38be-4e75-43f0-9b50-3f5cca09d2ad),,
2020-21,wheat,Rajasthan,22.25,https://www.data.gov.in (resource 235a38be-4e75-43f0-9b50-3f5cca09d2ad),,
2021-22,wheat,Rajasthan,23.4,https://www.data.gov.in (resource 235a38be-4e75-43f0-9b50-3f5cca09d2ad),,
2022-23,wheat,Rajasthan,0.1,https://www.data.gov.in (resource 235a38be-4e75-43f0-9b50-3f5cca09d2ad),,
2023-24,wheat,Rajasthan,4.38,https://www.data.gov.in (resource 235a38be-4e75-43f0-9b50-3f5cca09d2ad),,
2020-21,wheat,Uttarakhand,0.38,https://www.data.gov.in (resource 235a38be-4e75-43f0-9b50-3f5cca09d2ad),,
2021-22,wheat,Uttarakhand,1.44,https://www.data.gov.in (resource 235a38be-4e75-43f0-9b50-3f5cca09d2ad),,
2022-23,wheat,Uttarakhand,0.02,https://www.data.gov.in (resource 235a38be-4e75-43f0-9b50-3f5cca09d2ad),,
2023-24,wheat,Uttarakhand,0.0,https://www.data.gov.in (resource 235a38be-4e75-43f0-9b50-3f5cca09d2ad),,
2020-21,wheat,Chandigarh,0.11,https://www.data.gov.in (resource 235a38be-4e75-43f0-9b50-3f5cca09d2ad),,
2021-22,wheat,Chandigarh,0.17,https://www.data.gov.in (resource 235a38be-4e75-43f0-9b50-3f5cca09d2ad),,
2022-23,wheat,Chandigarh,0.03,https://www.data.gov.in (resource 235a38be-4e75-43f0-9b50-3f5cca09d2ad),,
2023-24,wheat,Chandigarh,0.1,https://www.data.gov.in (resource 235a38be-4e75-43f0-9b50-3f5cca09d2ad),,
2020-21,wheat,Delhi,0.0,https://www.data.gov.in (resource 235a38be-4e75-43f0-9b50-3f5cca09d2ad),,
2021-22,wheat,Delhi,0.06,https://www.data.gov.in (resource 235a38be-4e75-43f0-9b50-3f5cca09d2ad),,
2022-23,wheat,Delhi,0.0,https://www.data.gov.in (resource 235a38be-4e75-43f0-9b50-3f5cca09d2ad),,
2023-24,wheat,Delhi,0.0,https://www.data.gov.in (resource 235a38be-4e75-43f0-9b50-3f5cca09d2ad),,
2020-21,wheat,Gujarat,0.77,https://www.data.gov.in (resource 235a38be-4e75-43f0-9b50-3f5cca09d2ad),,
2021-22,wheat,Gujarat,1.71,https://www.data.gov.in (resource 235a38be-4e75-43f0-9b50-3f5cca09d2ad),,
2022-23,wheat,Gujarat,0.0,https://www.data.gov.in (resource 235a38be-4e75-43f0-9b50-3f5cca09d2ad),,
2023-24,wheat,Gujarat,0.0,https://www.data.gov.in (resource 235a38be-4e75-43f0-9b50-3f5cca09d2ad),,
2020-21,wheat,Maharashtra,0.0,https://www.data.gov.in (resource 235a38be-4e75-43f0-9b50-3f5cca09d2ad),,
2021-22,wheat,Maharashtra,0.01,https://www.data.gov.in (resource 235a38be-4e75-43f0-9b50-3f5cca09d2ad),,
2022-23,wheat,Maharashtra,0.0,https://www.data.gov.in (resource 235a38be-4e75-43f0-9b50-3f5cca09d2ad),,
2023-24,wheat,Maharashtra,0.0,https://www.data.gov.in (resource 235a38be-4e75-43f0-9b50-3f5cca09d2ad),,
2020-21,wheat,Himachal Pradesh,0.03,https://www.data.gov.in (resource 235a38be-4e75-43f0-9b50-3f5cca09d2ad),,
2021-22,wheat,Himachal Pradesh,0.13,https://www.data.gov.in (resource 235a38be-4e75-43f0-9b50-3f5cca09d2ad),,
2022-23,wheat,Himachal Pradesh,0.03,https://www.data.gov.in (resource 235a38be-4e75-43f0-9b50-3f5cca09d2ad),,
2023-24,wheat,Himachal Pradesh,0.03,https://www.data.gov.in (resource 235a38be-4e75-43f0-9b50-3f5cca09d2ad),,
2020-21,wheat,Jammu & Kashmir,0.0,https://www.data.gov.in (resource 235a38be-4e75-43f0-9b50-3f5cca09d2ad),,
2021-22,wheat,Jammu & Kashmir,0.24,https://www.data.gov.in (resource 235a38be-4e75-43f0-9b50-3f5cca09d2ad),,
2022-23,wheat,Jammu & Kashmir,0.0,https://www.data.gov.in (resource 235a38be-4e75-43f0-9b50-3f5cca09d2ad),,
2023-24,wheat,Jammu & Kashmir,0.0,https://www.data.gov.in (resource 235a38be-4e75-43f0-9b50-3f5cca09d2ad),,
2020-21,wheat,ALL_INDIA,389.92,https://www.data.gov.in (resource 235a38be-4e75-43f0-9b50-3f5cca09d2ad),,
2021-22,wheat,ALL_INDIA,433.44,https://www.data.gov.in (resource 235a38be-4e75-43f0-9b50-3f5cca09d2ad),,
2022-23,wheat,ALL_INDIA,187.92,https://www.data.gov.in (resource 235a38be-4e75-43f0-9b50-3f5cca09d2ad),,
2023-24,wheat,ALL_INDIA,262.02,https://www.data.gov.in (resource 235a38be-4e75-43f0-9b50-3f5cca09d2ad),,
2022-23,coarsegrains,Andhra Pradesh,0.04,"https://dfpd.gov.in/WriteReadData/FoodBulletinUploadDocuments/8e0ba45f-affc-4309-8a2d-f6c8d01156b7_Foodgrain%20Bulletin%20fot%20November,%202024.pdf",,
2023-24,rice,Andhra Pradesh,20.38,"https://dfpd.gov.in/WriteReadData/FoodBulletinUploadDocuments/8e0ba45f-affc-4309-8a2d-f6c8d01156b7_Foodgrain%20Bulletin%20fot%20November,%202024.pdf",,
2023-24,coarsegrains,Andhra Pradesh,0.3,"https://dfpd.gov.in/WriteReadData/FoodBulletinUploadDocuments/8e0ba45f-affc-4309-8a2d-f6c8d01156b7_Foodgrain%20Bulletin%20fot%20November,%202024.pdf",,
2024-25,rice,Andhra Pradesh,2.42,"https://dfpd.gov.in/WriteReadData/FoodBulletinUploadDocuments/8e0ba45f-affc-4309-8a2d-f6c8d01156b7_Foodgrain%20Bulletin%20fot%20November,%202024.pdf",2024-11-30,KMS 2024-25 in progress; season-to-date only
2024-25,coarsegrains,Andhra Pradesh,0.0,"https://dfpd.gov.in/WriteReadData/FoodBulletinUploadDocuments/8e0ba45f-affc-4309-8a2d-f6c8d01156b7_Foodgrain%20Bulletin%20fot%20November,%202024.pdf",2024-11-30,
2023-24,rice,Telangana,63.86,"https://dfpd.gov.in/WriteReadData/FoodBulletinUploadDocuments/8e0ba45f-affc-4309-8a2d-f6c8d01156b7_Foodgrain%20Bulletin%20fot%20November,%202024.pdf",,
2024-25,rice,Telangana,12.85,"https://dfpd.gov.in/WriteReadData/FoodBulletinUploadDocuments/8e0ba45f-affc-4309-8a2d-f6c8d01156b7_Foodgrain%20Bulletin%20fot%20November,%202024.pdf",2024-11-30,KMS 2024-25 in progress; season-to-date only
2023-24,rice,Assam,2.64,"https://dfpd.gov.in/WriteReadData/FoodBulletinUploadDocuments/8e0ba45f-affc-4309-8a2d-f6c8d01156b7_Foodgrain%20Bulletin%20fot%20November,%202024.pdf",,
2024-25,rice,Assam,0.01,"https://dfpd.gov.in/WriteReadData/FoodBulletinUploadDocuments/8e0ba45f-affc-4309-8a2d-f6c8d01156b7_Foodgrain%20Bulletin%20fot%20November,%202024.pdf",2024-11-30,KMS 2024-25 in progress; season-to-date only
2023-24,rice,Bihar,20.63,"https://dfpd.gov.in/WriteReadData/FoodBulletinUploadDocuments/8e0ba45f-affc-4309-8a2d-f6c8d01156b7_Foodgrain%20Bulletin%20fot%20November,%202024.pdf",,
2024-25,rice,Bihar,0.38,"https://dfpd.gov.in/WriteReadData/FoodBulletinUploadDocuments/8e0ba45f-affc-4309-8a2d-f6c8d01156b7_Foodgrain%20Bulletin%20fot%20November,%202024.pdf",2024-11-30,KMS 2024-25 in progress; season-to-date only
2024-25,wheat,Bihar,0.1,"https://dfpd.gov.in/WriteReadData/FoodBulletinUploadDocuments/8e0ba45f-affc-4309-8a2d-f6c8d01156b7_Foodgrain%20Bulletin%20fot%20November,%202024.pdf",,
2023-24,rice,Chandigarh,0.17,"https://dfpd.gov.in/WriteReadData/FoodBulletinUploadDocuments/8e0ba45f-affc-4309-8a2d-f6c8d01156b7_Foodgrain%20Bulletin%20fot%20November,%202024.pdf",,
2024-25,rice,Chandigarh,0.18,"https://dfpd.gov.in/WriteReadData/FoodBulletinUploadDocuments/8e0ba45f-affc-4309-8a2d-f6c8d01156b7_Foodgrain%20Bulletin%20fot%20November,%202024.pdf",2024-11-30,KMS 2024-25 in progress; season-to-date only
2024-25,wheat,Chandigarh,0.08,"https://dfpd.gov.in/WriteReadData/FoodBulletinUploadDocuments/8e0ba45f-affc-4309-8a2d-f6c8d01156b7_Foodgrain%20Bulletin%20fot%20November,%202024.pdf",,
2023-24,rice,Chhattisgarh,83.0,"https://dfpd.gov.in/WriteReadData/FoodBulletinUploadDocuments/8e0ba45f-affc-4309-8a2d-f6c8d01156b7_Foodgrain%20Bulletin%20fot%20November,%202024.pdf",,
2024-25,rice,Chhattisgarh,7.12,"https://dfpd.gov.in/WriteReadData/FoodBulletinUploadDocuments/8e0ba45f-affc-4309-8a2d-f6c8d01156b7_Foodgrain%20Bulletin%20fot%20November,%202024.pdf",2024-11-30,KMS 2024-25 in progress; season-to-date only
2023-24,rice,Delhi,0.0,"https://dfpd.gov.in/WriteReadData/FoodBulletinUploadDocuments/8e0ba45f-affc-4309-8a2d-f6c8d01156b7_Foodgrain%20Bulletin%20fot%20November,%202024.pdf",,
2024-25,rice,Delhi,0.0,"https://dfpd.gov.in/WriteReadData/FoodBulletinUploadDocuments/8e0ba45f-affc-4309-8a2d-f6c8d01156b7_Foodgrain%20Bulletin%20fot%20November,%202024.pdf",2024-11-30,KMS 2024-25 in progress; season-to-date only
2021-22,coarsegrains,Gujarat,0.08,"https://dfpd.gov.in/WriteReadData/FoodBulletinUploadDocuments/8e0ba45f-affc-4309-8a2d-f6c8d01156b7_Foodgrain%20Bulletin%20fot%20November,%202024.pdf",,
2022-23,coarsegrains,Gujarat,0.58,"https://dfpd.gov.in/WriteReadData/FoodBulletinUploadDocuments/8e0ba45f-affc-4309-8a2d-f6c8d01156b7_Foodgrain%20Bulletin%20fot%20November,%202024.pdf",,
2023-24,rice,Gujarat,0.57,"https://dfpd.gov.in/WriteReadData/FoodBulletinUploadDocuments/8e0ba45f-affc-4309-8a2d-f6c8d01156b7_Foodgrain%20Bulletin%20fot%20November,%202024.pdf",,
2023-24,coarsegrains,Gujarat,1.13,"https://dfpd.gov.in/WriteReadData/FoodBulletinUploadDocuments/8e0ba45f-affc-4309-8a2d-f6c8d01156b7_Foodgrain%20Bulletin%20fot%20November,%202024.pdf",,
2024-25,rice,Gujarat,0.06,"https://dfpd.gov.in/WriteReadData/FoodBulletinUploadDocuments/8e0ba45f-affc-4309-8a2d-f6c8d01156b7_Foodgrain%20Bulletin%20fot%20November,%202024.pdf",2024-11-30,KMS 2024-25 in progress; season-to-date only
2022-23,coarsegrains,Haryana,0.81,"https://dfpd.gov.in/WriteReadData/FoodBulletinUploadDocuments/8e0ba45f-affc-4309-8a2d-f6c8d01156b7_Foodgrain%20Bulletin%20fot%20November,%202024.pdf",,
2023-24,rice,Haryana,39.49,"https://dfpd.gov.in/WriteReadData/FoodBulletinUploadDocuments/8e0ba45f-affc-4309-8a2d-f6c8d01156b7_Foodgrain%20Bulletin%20fot%20November,%202024.pdf",,
2023-24,coarsegrains,Haryana,2.31,"https://dfpd.gov.in/WriteReadData/FoodBulletinUploadDocuments/8e0ba45f-affc-4309-8a2d-f6c8d01156b7_Foodgrain%20Bulletin%20fot%20November,%202024.pdf",,
2024-25,rice,Haryana,35.99,"https://dfpd.gov.in/WriteReadData/FoodBulletinUploadDocuments/8e0ba45f-affc-4309-8a2d-f6c8d01156b7_Foodgrain%20Bulletin%20fot%20November,%202024.pdf",2024-11-30,KMS 2024-25 in progress; season-to-date only
2024-25,wheat,Haryana,71.5,"https://dfpd.gov.in/WriteReadData/FoodBulletinUploadDocuments/8e0ba45f-affc-4309-8a2d-f6c8d01156b7_Foodgrain%20Bulletin%20fot%20November,%202024.pdf",,
2024-25,coarsegrains,Haryana,1.56,"https://dfpd.gov.in/WriteReadData/FoodBulletinUploadDocuments/8e0ba45f-affc-4309-8a2d-f6c8d01156b7_Foodgrain%20Bulletin%20fot%20November,%202024.pdf",2024-11-30,
2023-24,rice,Himachal Pradesh,0.15,"https://dfpd.gov.in/WriteReadData/FoodBulletinUploadDocuments/8e0ba45f-affc-4309-8a2d-f6c8d01156b7_Foodgrain%20Bulletin%20fot%20November,%202024.pdf",,
2024-25,rice,Himachal Pradesh,0.23,"https://dfpd.gov.in/WriteReadData/FoodBulletinUploadDocuments/8e0ba45f-affc-4309-8a2d-f6c8d01156b7_Foodgrain%20Bulletin%20fot%20November,%202024.pdf",2024-11-30,KMS 2024-25 in progress; season-to-date only
2024-25,wheat,Himachal Pradesh,0.03,"https://dfpd.gov.in/WriteReadData/FoodBulletinUploadDocuments/8e0ba45f-affc-4309-8a2d-f6c8d01156b7_Foodgrain%20Bulletin%20fot%20November,%202024.pdf",,
2023-24,rice,Jharkhand,0.5,"https://dfpd.gov.in/WriteReadData/FoodBulletinUploadDocuments/8e0ba45f-affc-4309-8a2d-f6c8d01156b7_Foodgrain%20Bulletin%20fot%20November,%202024.pdf",,
2024-25,rice,Jharkhand,0.0,"https://dfpd.gov.in/WriteReadData/FoodBulletinUploadDocuments/8e0ba45f-affc-4309-8a2d-f6c8d01156b7_Foodgrain%20Bulletin%20fot%20November,%202024.pdf",2024-11-30,KMS 2024-25 in progress; season-to-date only
2023-24,rice,Jammu & Kashmir,0.16,"https://dfpd.gov.in/WriteReadData/FoodBulletinUploadDocuments/8e0ba45f-affc-4309-8a2d-f6c8d01156b7_Foodgrain%20Bulletin%20fot%20November,%202024.pdf",,
2024-25,rice,Jammu & Kashmir,0.18,"https://dfpd.gov.in/WriteReadData/FoodBulletinUploadDocuments/8e0ba45f-affc-4309-8a2d-f6c8d01156b7_Foodgrain%20Bulletin%20fot%20November,%202024.pdf",2024-11-30,KMS 2024-25 in progress; season-to-date only
2021-22,coarsegrains,Karnataka,5.09,"https://dfpd.gov.in/WriteReadData/FoodBulletinUploadDocuments/8e0ba45f-affc-4309-8a2d-f6c8d01156b7_Foodgrain%20Bulletin%20fot%20November,%202024.pdf",,
2022-23,coarsegrains,Karnataka,5.31,"https://dfpd.gov.in/WriteReadData/FoodBulletinUploadDocuments/8e0ba45f-affc-4309-8a2d-f6c8d01156b7_Foodgrain%20Bulletin%20fot%20November,%202024.pdf",,
2023-24,rice,Karnataka,0.0,"https://dfpd.gov.in/WriteReadData/FoodBulletinUploadDocuments/8e0ba45f-affc-4309-8a2d-f6c8d01156b7_Foodgrain%20Bulletin%20fot%20November,%202024.pdf",,
2023-24,coarsegrains,Karnataka,4.17,"https://dfpd.gov.in/WriteReadData/FoodBulletinUploadDocuments/8e0ba45f-affc-4309-8a2d-f6c8d01156b7_Foodgrain%20Bulletin%20fot%20November,%202024.pdf",,
2024-25,rice,Karnataka,0.0,"https://dfpd.gov.in/WriteReadData/FoodBulletinUploadDocuments/8e0ba45f-affc-4309-8a2d-f6c8d01156b7_Foodgrain%20Bulletin%20fot%20November,%202024.pdf",2024-11-30,KMS 2024-25 in progress; season-to-date only
2023-24,rice,Kerala,3.8,"https://dfpd.gov.in/WriteReadData/FoodBulletinUploadDocuments/8e0ba45f-affc-4309-8a2d-f6c8d01156b7_Foodgrain%20Bulletin%20fot%20November,%202024.pdf",,
2024-25,rice,Kerala,0.06,"https://dfpd.gov.in/WriteReadData/FoodBulletinUploadDocuments/8e0ba45f-affc-4309-8a2d-f6c8d01156b7_Foodgrain%20Bulletin%20fot%20November,%202024.pdf",2024-11-30,KMS 2024-25 in progress; season-to-date only
2021-22,coarsegrains,Madhya Pradesh,0.38,"https://dfpd.gov.in/WriteReadData/FoodBulletinUploadDocuments/8e0ba45f-affc-4309-8a2d-f6c8d01156b7_Foodgrain%20Bulletin%20fot%20November,%202024.pdf",,
2023-24,rice,Madhya Pradesh,28.25,"https://dfpd.gov.in/WriteReadData/FoodBulletinUploadDocuments/8e0ba45f-affc-4309-8a2d-f6c8d01156b7_Foodgrain%20Bulletin%20fot%20November,%202024.pdf",,
2024-25,rice,Madhya Pradesh,0.0,"https://dfpd.gov.in/WriteReadData/FoodBulletinUploadDocuments/8e0ba45f-affc-4309-8a2d-f6c8d01156b7_Foodgrain%20Bulletin%20fot%20November,%202024.pdf",2024-11-30,KMS 2024-25 in progress; season-to-date only
2024-25,wheat,Madhya Pradesh,48.39,"https://dfpd.gov.in/WriteReadData/FoodBulletinUploadDocuments/8e0ba45f-affc-4309-8a2d-f6c8d01156b7_Foodgrain%20Bulletin%20fot%20November,%202024.pdf",,
2024-25,coarsegrains,Madhya Pradesh,0.04,"https://dfpd.gov.in/WriteReadData/FoodBulletinUploadDocuments/8e0ba45f-affc-4309-8a2d-f6c8d01156b7_Foodgrain%20Bulletin%20fot%20November,%202024.pdf",2024-11-30,
2021-22,coarsegrains,Maharashtra,0.41,"https://dfpd.gov.in/WriteReadData/FoodBulletinUploadDocuments/8e0ba45f-affc-4309-8a2d-f6c8d01156b7_Foodgrain%20Bulletin%20fot%20November,%202024.pdf",,
2022-23,coarsegrains,Maharashtra,0.17,"https://dfpd.gov.in/WriteReadData/FoodBulletinUploadDocuments/8e0ba45f-affc-4309-8a2d-f6c8d01156b7_Foodgrain%20Bulletin%20fot%20November,%202024.pdf",,
2023-24,rice,Maharashtra,7.8,"https://dfpd.gov.in/WriteReadData/FoodBulletinUploadDocuments/8e0ba45f-affc-4309-8a2d-f6c8d01156b7_Foodgrain%20Bulletin%20fot%20November,%202024.pdf",,
2023-24,coarsegrains,Maharashtra,0.87,"https://dfpd.gov.in/WriteReadData/FoodBulletinUploadDocuments/8e0ba45f-affc-4309-8a2d-f6c8d01156b7_Foodgrain%20Bulletin%20fot%20November,%202024.pdf",,
2024-25,rice,Maharashtra,0.41,"https://dfpd.gov.in/WriteReadData/FoodBulletinUploadDocuments/8e0ba45f-affc-4309-8a2d-f6c8d01156b7_Foodgrain%20Bulletin%20fot%20November,%202024.pdf",2024-11-30,KMS 2024-25 in progress; season-to-date only
2021-22,coarsegrains,Odisha,0.32,"https://dfpd.gov.in/WriteReadData/FoodBulletinUploadDocuments/8e0ba45f-affc-4309-8a2d-f6c8d01156b7_Foodgrain%20Bulletin%20fot%20November,%202024.pdf",,
2023-24,rice,Odisha,48.17,"https://dfpd.gov.in/WriteReadData/FoodBulletinUploadDocuments/8e0ba45f-affc-4309-8a2d-f6c8d01156b7_Foodgrain%20Bulletin%20fot%20November,%202024.pdf",,
2024-25,rice,Odisha,0.06,"https://dfpd.gov.in/WriteReadData/FoodBulletinUploadDocuments/8e0ba45f-affc-4309-8a2d-f6c8d01156b7_Foodgrain%20Bulletin%20fot%20November,%202024.pdf",2024-11-30,KMS 2024-25 in progress; season-to-date only
2023-24,rice,Puducherry,0.0,"https://dfpd.gov.in/WriteReadData/FoodBulletinUploadDocuments/8e0ba45f-affc-4309-8a2d-f6c8d01156b7_Foodgrain%20Bulletin%20fot%20November,%202024.pdf",,
2024-25,rice,Puducherry,0.0,"https://dfpd.gov.in/WriteReadData/FoodBulletinUploadDocuments/8e0ba45f-affc-4309-8a2d-f6c8d01156b7_Foodgrain%20Bulletin%20fot%20November,%202024.pdf",2024-11-30,KMS 2024-25 in progress; season-to-date only
2023-24,rice,Punjab,124.14,"https://dfpd.gov.in/WriteReadData/FoodBulletinUploadDocuments/8e0ba45f-affc-4309-8a2d-f6c8d01156b7_Foodgrain%20Bulletin%20fot%20November,%202024.pdf",,
2024-25,rice,Punjab,115.14,"https://dfpd.gov.in/WriteReadData/FoodBulletinUploadDocuments/8e0ba45f-affc-4309-8a2d-f6c8d01156b7_Foodgrain%20Bulletin%20fot%20November,%202024.pdf",2024-11-30,KMS 2024-25 in progress; season-to-date only
2024-25,wheat,Punjab,124.57,"https://dfpd.gov.in/WriteReadData/FoodBulletinUploadDocuments/8e0ba45f-affc-4309-8a2d-f6c8d01156b7_Foodgrain%20Bulletin%20fot%20November,%202024.pdf",,
2023-24,rice,Tripura,0.21,"https://dfpd.gov.in/WriteReadData/FoodBulletinUploadDocuments/8e0ba45f-affc-4309-8a2d-f6c8d01156b7_Foodgrain%20Bulletin%20fot%20November,%202024.pdf",,
2024-25,rice,Tripura,0.0,"https://dfpd.gov.in/WriteReadData/FoodBulletinUploadDocuments/8e0ba45f-affc-4309-8a2d-f6c8d01156b7_Foodgrain%20Bulletin%20fot%20November,%202024.pdf",2024-11-30,KMS 2024-25 in progress; season-to-date only
2022-23,coarsegrains,Tamil Nadu,0.01,"https://dfpd.gov.in/WriteReadData/FoodBulletinUploadDocuments/8e0ba45f-affc-4309-8a2d-f6c8d01156b7_Foodgrain%20Bulletin%20fot%20November,%202024.pdf",,
2023-24,rice,Tamil Nadu,23.77,"https://dfpd.gov.in/WriteReadData/FoodBulletinUploadDocuments/8e0ba45f-affc-4309-8a2d-f6c8d01156b7_Foodgrain%20Bulletin%20fot%20November,%202024.pdf",,
2023-24,coarsegrains,Tamil Nadu,0.02,"https://dfpd.gov.in/WriteReadData/FoodBulletinUploadDocuments/8e0ba45f-affc-4309-8a2d-f6c8d01156b7_Foodgrain%20Bulletin%20fot%20November,%202024.pdf",,
2024-25,rice,Tamil Nadu,3.45,"https://dfpd.gov.in/WriteReadData/FoodBulletinUploadDocuments/8e0ba45f-affc-4309-8a2d-f6c8d01156b7_Foodgrain%20Bulletin%20fot%20November,%202024.pdf",2024-11-30,KMS 2024-25 in progress; season-to-date only
2021-22,coarsegrains,Uttar Pradesh,0.03,"https://dfpd.gov.in/WriteReadData/FoodBulletinUploadDocuments/8e0ba45f-affc-4309-8a2d-f6c8d01156b7_Foodgrain%20Bulletin%20fot%20November,%202024.pdf",,
2022-23,coarsegrains,Uttar Pradesh,0.43,"https://dfpd.gov.in/WriteReadData/FoodBulletinUploadDocuments/8e0ba45f-affc-4309-8a2d-f6c8d01156b7_Foodgrain%20Bulletin%20fot%20November,%202024.pdf",,
2023-24,rice,Uttar Pradesh,36.05,"https://dfpd.gov.in/WriteReadData/FoodBulletinUploadDocuments/8e0ba45f-affc-4309-8a2d-f6c8d01156b7_Foodgrain%20Bulletin%20fot%20November,%202024.pdf",,
2023-24,coarsegrains,Uttar Pradesh,3.73,"https://dfpd.gov.in/WriteReadData/FoodBulletinUploadDocuments/8e0ba45f-affc-4309-8a2d-f6c8d01156b7_Foodgrain%20Bulletin%20fot%20November,%202024.pdf",,
2024-25,rice,Uttar Pradesh,7.45,"https://dfpd.gov.in/WriteReadData/FoodBulletinUploadDocuments/8e0ba45f-affc-4309-8a2d-f6c8d01156b7_Foodgrain%20Bulletin%20fot%20November,%202024.pdf",2024-11-30,KMS 2024-25 in progress; season-to-date only
2024-25,wheat,Uttar Pradesh,9.31,"https://dfpd.gov.in/WriteReadData/FoodBulletinUploadDocuments/8e0ba45f-affc-4309-8a2d-f6c8d01156b7_Foodgrain%20Bulletin%20fot%20November,%202024.pdf",,
2024-25,coarsegrains,Uttar Pradesh,0.66,"https://dfpd.gov.in/WriteReadData/FoodBulletinUploadDocuments/8e0ba45f-affc-4309-8a2d-f6c8d01156b7_Foodgrain%20Bulletin%20fot%20November,%202024.pdf",2024-11-30,
2022-23,coarsegrains,Uttarakhand,0.01,"https://dfpd.gov.in/WriteReadData/FoodBulletinUploadDocuments/8e0ba45f-affc-4309-8a2d-f6c8d01156b7_Foodgrain%20Bulletin%20fot%20November,%202024.pdf",,
2023-24,rice,Uttarakhand,4.89,"https://dfpd.gov.in/WriteReadData/FoodBulletinUploadDocuments/8e0ba45f-affc-4309-8a2d-f6c8d01156b7_Foodgrain%20Bulletin%20fot%20November,%202024.pdf",,
2023-24,coarsegrains,Uttarakhand,0.02,"https://dfpd.gov.in/WriteReadData/FoodBulletinUploadDocuments/8e0ba45f-affc-4309-8a2d-f6c8d01156b7_Foodgrain%20Bulletin%20fot%20November,%202024.pdf",,
2024-25,rice,Uttarakhand,3.15,"https://dfpd.gov.in/WriteReadData/FoodBulletinUploadDocuments/8e0ba45f-affc-4309-8a2d-f6c8d01156b7_Foodgrain%20Bulletin%20fot%20November,%202024.pdf",2024-11-30,KMS 2024-25 in progress; season-to-date only
2024-25,wheat,Uttarakhand,0.02,"https://dfpd.gov.in/WriteReadData/FoodBulletinUploadDocuments/8e0ba45f-affc-4309-8a2d-f6c8d01156b7_Foodgrain%20Bulletin%20fot%20November,%202024.pdf",,
2024-25,coarsegrains,Uttarakhand,0.02,"https://dfpd.gov.in/WriteReadData/FoodBulletinUploadDocuments/8e0ba45f-affc-4309-8a2d-f6c8d01156b7_Foodgrain%20Bulletin%20fot%20November,%202024.pdf",2024-11-30,
2023-24,rice,West Bengal,16.79,"https://dfpd.gov.in/WriteReadData/FoodBulletinUploadDocuments/8e0ba45f-affc-4309-8a2d-f6c8d01156b7_Foodgrain%20Bulletin%20fot%20November,%202024.pdf",,
2024-25,rice,West Bengal,0.0,"https://dfpd.gov.in/WriteReadData/FoodBulletinUploadDocuments/8e0ba45f-affc-4309-8a2d-f6c8d01156b7_Foodgrain%20Bulletin%20fot%20November,%202024.pdf",2024-11-30,KMS 2024-25 in progress; season-to-date only
2023-24,rice,Rajasthan,0.0,"https://dfpd.gov.in/WriteReadData/FoodBulletinUploadDocuments/8e0ba45f-affc-4309-8a2d-f6c8d01156b7_Foodgrain%20Bulletin%20fot%20November,%202024.pdf",,
2024-25,rice,Rajasthan,0.0,"https://dfpd.gov.in/WriteReadData/FoodBulletinUploadDocuments/8e0ba45f-affc-4309-8a2d-f6c8d01156b7_Foodgrain%20Bulletin%20fot%20November,%202024.pdf",2024-11-30,KMS 2024-25 in progress; season-to-date only
2024-25,wheat,Rajasthan,12.06,"https://dfpd.gov.in/WriteReadData/FoodBulletinUploadDocuments/8e0ba45f-affc-4309-8a2d-f6c8d01156b7_Foodgrain%20Bulletin%20fot%20November,%202024.pdf",,
2021-22,coarsegrains,ALL_INDIA,6.29,"https://dfpd.gov.in/WriteReadData/FoodBulletinUploadDocuments/8e0ba45f-affc-4309-8a2d-f6c8d01156b7_Foodgrain%20Bulletin%20fot%20November,%202024.pdf",,
2022-23,coarsegrains,ALL_INDIA,7.37,"https://dfpd.gov.in/WriteReadData/FoodBulletinUploadDocuments/8e0ba45f-affc-4309-8a2d-f6c8d01156b7_Foodgrain%20Bulletin%20fot%20November,%202024.pdf",,
2023-24,rice,ALL_INDIA,525.44,"https://dfpd.gov.in/WriteReadData/FoodBulletinUploadDocuments/8e0ba45f-affc-4309-8a2d-f6c8d01156b7_Foodgrain%20Bulletin%20fot%20November,%202024.pdf",,
2023-24,coarsegrains,ALL_INDIA,12.55,"https://dfpd.gov.in/WriteReadData/FoodBulletinUploadDocuments/8e0ba45f-affc-4309-8a2d-f6c8d01156b7_Foodgrain%20Bulletin%20fot%20November,%202024.pdf",,
2024-25,rice,ALL_INDIA,189.14,"https://dfpd.gov.in/WriteReadData/FoodBulletinUploadDocuments/8e0ba45f-affc-4309-8a2d-f6c8d01156b7_Foodgrain%20Bulletin%20fot%20November,%202024.pdf",2024-11-30,KMS 2024-25 in progress; season-to-date only
2024-25,wheat,ALL_INDIA,266.05,"https://dfpd.gov.in/WriteReadData/FoodBulletinUploadDocuments/8e0ba45f-affc-4309-8a2d-f6c8d01156b7_Foodgrain%20Bulletin%20fot%20November,%202024.pdf",,
2024-25,coarsegrains,ALL_INDIA,2.28,"https://dfpd.gov.in/WriteReadData/FoodBulletinUploadDocuments/8e0ba45f-affc-4309-8a2d-f6c8d01156b7_Foodgrain%20Bulletin%20fot%20November,%202024.pdf",2024-11-30,
2025-26,wheat,ALL_INDIA,300.35,https://www.pib.gov.in/PressReleasePage.aspx?PRID=2210211,,RMS 2025-26 final; state-wise final split not collected
2015-16,coarsegrains,ALL_INDIA,2.6,https://www.data.gov.in (resource 6594e0d2-a3dd-415e-b7df-5b0b1d68d98f),,converted from tonnes
2016-17,coarsegrains,ALL_INDIA,0.72,https://www.data.gov.in (resource 6594e0d2-a3dd-415e-b7df-5b0b1d68d98f),,converted from tonnes
2017-18,coarsegrains,ALL_INDIA,0.7,https://www.data.gov.in (resource 6594e0d2-a3dd-415e-b7df-5b0b1d68d98f),,converted from tonnes
2018-19,coarsegrains,ALL_INDIA,2.18,https://www.data.gov.in (resource 6594e0d2-a3dd-415e-b7df-5b0b1d68d98f),,converted from tonnes
2019-20,coarsegrains,ALL_INDIA,4.32,https://www.data.gov.in (resource 6594e0d2-a3dd-415e-b7df-5b0b1d68d98f),,converted from tonnes
2020-21,coarsegrains,ALL_INDIA,7.1,https://www.data.gov.in (resource 6594e0d2-a3dd-415e-b7df-5b0b1d68d98f),,converted from tonnes
