state,agency,capacity_lmt,as_of,source,note
Bihar,FCI_owned,3.45,2024-11-30,"https://dfpd.gov.in/WriteReadData/FoodBulletinUploadDocuments/8e0ba45f-affc-4309-8a2d-f6c8d01156b7_Foodgrain%20Bulletin%20fot%20November,%202024.pdf","FCI covered storage (owned+hired), avg capacity Nov-2024"
Bihar,FCI_owned_silo,0.0,2024-11-30,"https://dfpd.gov.in/WriteReadData/FoodBulletinUploadDocuments/8e0ba45f-affc-4309-8a2d-f6c8d01156b7_Foodgrain%20Bulletin%20fot%20November,%202024.pdf","FCI covered storage (owned+hired), avg capacity Nov-2024"
Bihar,hired_state_govt,0.03,2024-11-30,"https://dfpd.gov.in/WriteReadData/FoodBulletinUploadDocuments/8e0ba45f-affc-4309-8a2d-f6c8d01156b7_Foodgrain%20Bulletin%20fot%20November,%202024.pdf","FCI covered storage (owned+hired), avg capacity Nov-2024"
Bihar,hired_CWC,1.08,2024-11-30,"https://dfpd.gov.in/WriteReadData/FoodBulletinUploadDocuments/8e0ba45f-affc-4309-8a2d-f6c8d01156b7_Foodgrain%20Bulletin%20fot%20November,%202024.pdf","FCI covered storage (owned+hired), avg capacity Nov-2024"
Bihar,hired_SWC,2.83,2024-11-30,"https://dfpd.gov.in/WriteReadData/FoodBulletinUploadDocuments/8e0ba45f-affc-4309-8a2d-f6c8d01156b7_Foodgrain%20Bulletin%20fot%20November,%202024.pdf","FCI covered storage (owned+hired), avg capacity Nov-2024"
Bihar,hired_PEG,1.56,2024-11-30,"https://dfpd.gov.in/WriteReadData/FoodBulletinUploadDocuments/8e0ba45f-affc-4309-8a2d-f6c8d01156b7_Foodgrain%20Bulletin%20fot%20November,%202024.pdf","FCI covered storage (owned+hired), avg capacity Nov-2024"
Bihar,hired_PWS2010,0.22,2024-11-30,"https://dfpd.gov.in/WriteReadData/FoodBulletinUploadDocuments/8e0ba45f-affc-4309-8a2d-f6c8d01156b7_Foodgrain%20Bulletin%20fot%20November,%202024.pdf","FCI covered storage (owned+hired), avg capacity Nov-2024"
Bihar,hired_silo,1.5,2024-11-30,"https://dfpd.gov.in/WriteReadData/FoodBulletinUploadDocuments/8e0ba45f-affc-4309-8a2d-f6c8d01156b7_Foodgrain%20Bulletin%20fot%20November,%202024.pdf","FCI covered storage (owned+hired), avg capacity Nov-2024"
Bihar,hired_private,0.08,2024-11-30,"https://dfpd.gov.in/WriteReadData/FoodBulletinUploadDocuments/8e0ba45f-affc-4309-8a2d-f6c8d01156b7_Foodgrain%20Bulletin%20fot%20November,%202024.pdf","FCI covered storage (owned+hired), avg capacity Nov-2024"
Jharkhand,FCI_owned,0.89,2024-11-30,"https://dfpd.gov.in/WriteReadData/FoodBulletinUploadDocuments/8e0ba45f-affc-4309-8a2d-f6c8d01156b7_Foodgrain%20Bulletin%20fot%20November,%202024.pdf","FCI covered storage (owned+hired), avg capacity Nov-2024"
Jharkhand,FCI_owned_silo,0.0,2024-11-30,"https://dfpd.gov.in/WriteReadData/FoodBulletinUploadDocuments/8e0ba45f-affc-4309-8a2d-f6c8d01156b7_Foodgrain%20Bulletin%20fot%20November,%202024.pdf","FCI covered storage (owned+hired), avg capacity Nov-2024"
Jharkhand,hired_state_govt,0.0,2024-11-30,"https://dfpd.gov.in/WriteReadData/FoodBulletinUploadDocuments/8e0ba45f-affc-4309-8a2d-f6c8d01156b7_Foodgrain%20Bulletin%20fot%20November,%202024.pdf","FCI covered storage (owned+hired), avg capacity Nov-2024"
Jharkhand,hired_CWC,0.23,2024-11-30,"https://dfpd.gov.in/WriteReadData/FoodBulletinUploadDocuments/8e0ba45f-affc-4309-8a2d-f6c8d01156b7_Foodgrain%20Bulletin%20fot%20November,%202024.pdf","FCI covered storage (owned+hired), avg capacity Nov-2024"
Jharkhand,hired_SWC,0.27,2024-11-30,"https://dfpd.gov.in/WriteReadData/FoodBulletinUploadDocuments/8e0ba45f-affc-4309-8a2d-f6c8d01156b7_Foodgrain%20Bulletin%20fot%20November,%202024.pdf","FCI covered storage (owned+hired), avg capacity Nov-2024"
Jharkhand,hired_PEG,2.25,2024-11-30,"https://dfpd.gov.in/WriteReadData/FoodBulletinUploadDocuments/8e0ba45f-affc-4309-8a2d-f6c8d01156b7_Foodgrain%20Bulletin%20fot%20November,%202024.pdf","FCI covered storage (owned+hired), avg capacity Nov-2024"
Jharkhand,hired_PWS2010,0.85,2024-11-30,"https://dfpd.gov.in/WriteReadData/FoodBulletinUploadDocuments/8e0ba45f-affc-4309-8a2d-f6c8d01156b7_Foodgrain%20Bulletin%20fot%20November,%202024.pdf","FCI covered storage (owned+hired), avg capacity Nov-2024"
Jharkhand,hired_silo,0.0,2024-11-30,"https://dfpd.gov.in/WriteReadData/FoodBulletinUploadDocuments/8e0ba45f-affc-4309-8a2d-f6c8d01156b7_Foodgrain%20Bulletin%20fot%20November,%202024.pdf","FCI covered storage (owned+hired), avg capacity Nov-2024"
Jharkhand,hired_private,0.0,2024-11-30,"https://dfpd.gov.in/WriteReadData/FoodBulletinUploadDocuments/8e0ba45f-affc-4309-8a2d-f6c8d01156b7_Foodgrain%20Bulletin%20fot%20November,%202024.pdf","FCI covered storage (owned+hired), avg capacity Nov-2024"
Odisha,FCI_owned,3.65,2024-11-30,"https://dfpd.gov.in/WriteReadData/FoodBulletinUploadDocuments/8e0ba45f-affc-4309-8a2d-f6c8d01156b7_Foodgrain%20Bulletin%20fot%20November,%202024.pdf","FCI covered storage (owned+hired), avg capacity Nov-2024"
Odisha,FCI_owned_silo,0.0,2024-11-30,"https://dfpd.gov.in/WriteReadData/FoodBulletinUploadDocuments/8e0ba45f-affc-4309-8a2d-f6c8d01156b7_Foodgrain%20Bulletin%20fot%20November,%202024.pdf","FCI covered storage (owned+hired), avg capacity Nov-2024"
Odisha,hired_state_govt,0.0,2024-11-30,"https://dfpd.gov.in/WriteReadData/FoodBulletinUploadDocuments/8e0ba45f-affc-4309-8a2d-f6c8d01156b7_Foodgrain%20Bulletin%20fot%20November,%202024.pdf","FCI covered storage (owned+hired), avg capacity Nov-2024"
Odisha,hired_CWC,1.03,2024-11-30,"https://dfpd.gov.in/WriteReadData/FoodBulletinUploadDocuments/8e0ba45f-affc-4309-8a2d-f6c8d01156b7_Foodgrain%20Bulletin%20fot%20November,%202024.pdf","FCI covered storage (owned+hired), avg capacity Nov-2024"
Odisha,hired_SWC,1.73,2024-11-30,"https://dfpd.gov.in/WriteReadData/FoodBulletinUploadDocuments/8e0ba45f-affc-4309-8a2d-f6c8d01156b7_Foodgrain%20Bulletin%20fot%20November,%202024.pdf","FCI covered storage (owned+hired), avg capacity Nov-2024"
Odisha,hired_PEG,0.0,2024-11-30,"https://dfpd.gov.in/WriteReadData/FoodBulletinUploadDocuments/8e0ba45f-affc-4309-8a2d-f6c8d01156b7_Foodgrain%20Bulletin%20fot%20November,%202024.pdf","FCI covered storage (owned+hired), avg capacity Nov-2024"
Odisha,hired_PWS2010,0.0,2024-11-30,"https://dfpd.gov.in/WriteReadData/FoodBulletinUploadDocuments/8e0ba45f-affc-4309-8a2d-f6c8d01156b7_Foodgrain%20Bulletin%20fot%20November,%202024.pdf","FCI covered storage (owned+hired), avg capacity Nov-2024"
Odisha,hired_silo,0.0,2024-11-30,"https://dfpd.gov.in/WriteReadData/FoodBulletinUploadDocuments/8e0ba45f-affc-4309-8a2d-f6c8d01156b7_Foodgrain%20Bulletin%20fot%20November,%202024.pdf","FCI covered storage (owned+hired), avg capacity Nov-2024"
Odisha,hired_private,0.0,2024-11-30,"https://dfpd.gov.in/WriteReadData/FoodBulletinUploadDocuments/8e0ba45f-affc-4309-8a2d-f6c8d01156b7_Foodgrain%20Bulletin%20fot%20November,%202024.pdf","FCI covered storage (owned+hired), avg capacity Nov-2024"
West Bengal,FCI_owned,9.53,2024-11-30,"https://dfpd.gov.in/WriteReadData/FoodBulletinUploadDocuments/8e0ba45f-affc-4309-8a2d-f6c8d01156b7_Foodgrain%20Bulletin%20fot%20November,%202024.pdf","FCI covered storage (owned+hired), avg capacity Nov-2024"
West Bengal,FCI_owned_silo,0.0,2024-11-30,"https://dfpd.gov.in/WriteReadData/FoodBulletinUploadDocuments/8e0ba45f-affc-4309-8a2d-f6c8d01156b7_Foodgrain%20Bulletin%20fot%20November,%202024.pdf","FCI covered storage (owned+hired), avg capacity Nov-2024"
West Bengal,hired_state_govt,0.0,2024-11-30,"https://dfpd.gov.in/WriteReadData/FoodBulletinUploadDocuments/8e0ba45f-affc-4309-8a2d-f6c8d01156b7_Foodgrain%20Bulletin%20fot%20November,%202024.pdf","FCI covered storage (owned+hired), avg capacity Nov-2024"
West Bengal,hired_CWC,0.16,2024-11-30,"https://dfpd.gov.in/WriteReadData/FoodBulletinUploadDocuments/8e0ba45f-affc-4309-8a2d-f6c8d01156b7_Foodgrain%20Bulletin%20fot%20November,%202024.pdf","FCI covered storage (owned+hired), avg capacity Nov-2024"
West Bengal,hired_SWC,0.0,2024-11-30,"https://dfpd.gov.in/WriteReadData/FoodBulletinUploadDocuments/8e0ba45f-affc-4309-8a2d-f6c8d01156b7_Foodgrain%20Bulletin%20fot%20November,%202024.pdf","FCI covered storage (owned+hired), avg capacity Nov-2024"
West Bengal,hired_PEG,0.0,2024-11-30,"https://dfpd.gov.in/WriteReadData/FoodBulletinUploadDocuments/8e0ba45f-affc-4309-8a2d-f6c8d01156b7_Foodgrain%20Bulletin%20fot%20November,%202024.pdf","FCI covered storage (owned+hired), avg capacity Nov-2024"
West Bengal,hired_PWS2010,0.27,2024-11-30,"https://dfpd.gov.in/WriteReadData/FoodBulletinUploadDocuments/8e0ba45f-affc-4309-8a2d-f6c8d01156b7_Foodgrain%20Bulletin%20fot%20November,%202024.pdf","FCI covered storage (owned+hired), avg capacity Nov-2024"
West Bengal,hired_silo,0.25,2024-11-30,"https://dfpd.gov.in/WriteReadData/FoodBulletinUploadDocuments/8e0ba45f-affc-4309-8a2d-f6c8d01156b7_Foodgrain%20Bulletin%20fot%20November,%202024.pdf","FCI covered storage (owned+hired), avg capacity Nov-2024"
West Bengal,hired_private,0.1,2024-11-30,"https://dfpd.gov.in/WriteReadData/FoodBulletinUploadDocuments/8e0ba45f-affc-4309-8a2d-f6c8d01156b7_Foodgrain%20Bulletin%20fot%20November,%202024.pdf","FCI covered storage (owned+hired), avg capacity Nov-2024"
Sikkim,FCI_owned,0.11,2024-11-30,"https://dfpd.gov.in/WriteReadData/FoodBulletinUploadDocuments/8e0ba45f-affc-4309-8a2d-f6c8d01156b7_Foodgrain%20Bulletin%20fot%20November,%202024.pdf","FCI covered storage (owned+hired), avg capacity Nov-2024"
Sikkim,FCI_owned_silo,0.0,2024-11-30,"https://dfpd.gov.in/WriteReadData/FoodBulletinUploadDocuments/8e0ba45f-affc-4309-8a2d-f6c8d01156b7_Foodgrain%20Bulletin%20fot%20November,%202024.pdf","FCI covered storage (owned+hired), avg capacity Nov-2024"
Sikkim,hired_state_govt,0.01,2024-11-30,"https://dfpd.gov.in/WriteReadData/FoodBulletinUploadDocuments/8e0ba45f-affc-4309-8a2d-f6c8d01156b7_Foodgrain%20Bulletin%20fot%20November,%202024.pdf","FCI covered storage (owned+hired), avg capacity Nov-2024"
Sikkim,hired_CWC,0.0,2024-11-30,"https://dfpd.gov.in/WriteReadData/FoodBulletinUploadDocuments/8e0ba45f-affc-4309-8a2d-f6c8d01156b7_Foodgrain%20Bulletin%20fot%20November,%202024.pdf","FCI covered storage (owned+hired), avg capacity Nov-2024"
Sikkim,hired_SWC,0.0,2024-11-30,"https://dfpd.gov.in/WriteReadData/FoodBulletinUploadDocuments/8e0ba45f-affc-4309-8a2d-f6c8d01156b7_Foodgrain%20Bulletin%20fot%20November,%202024.pdf","FCI covered storage (owned+hired), avg capacity Nov-2024"
Sikkim,hired_PEG,0.0,2024-11-30,"https://dfpd.gov.in/WriteReadData/FoodBulletinUploadDocuments/8e0ba45f-affc-4309-8a2d-f6c8d01156b7_Foodgrain%20Bulletin%20fot%20November,%202024.pdf","FCI covered storage (owned+hired), avg capacity Nov-2024"
Sikkim,hired_PWS2010,0.0,2024-11-30,"https://dfpd.gov.in/WriteReadData/FoodBulletinUploadDocuments/8e0ba45f-affc-4309-8a2d-f6c8d01156b7_Foodgrain%20Bulletin%20fot%20November,%202024.pdf","FCI covered storage (owned+hired), avg capacity Nov-2024"
Sikkim,hired_silo,0.0,2024-11-30,"https://dfpd.gov.in/WriteReadData/FoodBulletinUploadDocuments/8e0ba45f-affc-4309-8a2d-f6c8d01156b7_Foodgrain%20Bulletin%20fot%20November,%202024.pdf","FCI covered storage (owned+hired), avg capacity Nov-2024"
Sikkim,hired_private,0.0,2024-11-30,"https://dfpd.gov.in/WriteReadData/FoodBulletinUploadDocuments/8e0ba45f-affc-4309-8a2d-f6c8d01156b7_Foodgrain%20Bulletin%20fot%20November,%202024.pdf","FCI covered storage (owned+hired), avg capacity Nov-2024"
Assam,FCI_owned,3.74,2024-11-30,"https://dfpd.gov.in/WriteReadData/FoodBulletinUploadDocuments/8e0ba45f-affc-4309-8a2d-f6c8d01156b7_Foodgrain%20Bulletin%20fot%20November,%202024.pdf","FCI covered storage (owned+hired), avg capacity Nov-2024"
Assam,FCI_owned_silo,0.0,2024-11-30,"https://dfpd.gov.in/WriteReadData/FoodBulletinUploadDocuments/8e0ba45f-affc-4309-8a2d-f6c8d01156b7_Foodgrain%20Bulletin%20fot%20November,%202024.pdf","FCI covered storage (owned+hired), avg capacity Nov-2024"
Assam,hired_state_govt,0.1,2024-11-30,"https://dfpd.gov.in/WriteReadData/FoodBulletinUploadDocuments/8e0ba45f-affc-4309-8a2d-f6c8d01156b7_Foodgrain%20Bulletin%20fot%20November,%202024.pdf","FCI covered storage (owned+hired), avg capacity Nov-2024"
Assam,hired_CWC,0.37,2024-11-30,"https://dfpd.gov.in/WriteReadData/FoodBulletinUploadDocuments/8e0ba45f-affc-4309-8a2d-f6c8d01156b7_Foodgrain%20Bulletin%20fot%20November,%202024.pdf","FCI covered storage (owned+hired), avg capacity Nov-2024"
Assam,hired_SWC,0.11,2024-11-30,"https://dfpd.gov.in/WriteReadData/FoodBulletinUploadDocuments/8e0ba45f-affc-4309-8a2d-f6c8d01156b7_Foodgrain%20Bulletin%20fot%20November,%202024.pdf","FCI covered storage (owned+hired), avg capacity Nov-2024"
Assam,hired_PEG,0.25,2024-11-30,"https://dfpd.gov.in/WriteReadData/FoodBulletinUploadDocuments/8e0ba45f-affc-4309-8a2d-f6c8d01156b7_Foodgrain%20Bulletin%20fot%20November,%202024.pdf","FCI covered storage (owned+hired), avg capacity Nov-2024"
Assam,hired_PWS2010,0.21,2024-11-30,"https://dfpd.gov.in/WriteReadData/FoodBulletinUploadDocuments/8e0ba45f-affc-4309-8a2d-f6c8d01156b7_Foodgrain%20Bulletin%20fot%20November,%202024.pdf","FCI covered storage (owned+hired), avg capacity Nov-2024"
Assam,hired_silo,0.5,2024-11-30,"https://dfpd.gov.in/WriteReadData/FoodBulletinUploadDocuments/8e0ba45f-affc-4309-8a2d-f6c8d01156b7_Foodgrain%20Bulletin%20fot%20November,%202024.pdf","FCI covered storage (owned+hired), avg capacity Nov-2024"
Assam,hired_private,0.0,2024-11-30,"https://dfpd.gov.in/WriteReadData/FoodBulletinUploadDocuments/8e0ba45f-affc-4309-8a2d-f6c8d01156b7_Foodgrain%20Bulletin%20fot%20November,%202024.pdf","FCI covered storage (owned+hired), avg capacity Nov-2024"
Arunachal Pradesh,FCI_owned,0.41,2024-11-30,"https://dfpd.gov.in/WriteReadData/FoodBulletinUploadDocuments/8e0ba45f-affc-4309-8a2d-f6c8d01156b7_Foodgrain%20Bulletin%20fot%20November,%202024.pdf","FCI covered storage (owned+hired), avg capacity Nov-2024"
Arunachal Pradesh,FCI_owned_silo,0.0,2024-11-30,"https://dfpd.gov.in/WriteReadData/FoodBulletinUploadDocuments/8e0ba45f-affc-4309-8a2d-f6c8d01156b7_Foodgrain%20Bulletin%20fot%20November,%202024.pdf","FCI covered storage (owned+hired), avg capacity Nov-2024"
Arunachal Pradesh,hired_state_govt,0.01,2024-11-30,"https://dfpd.gov.in/WriteReadData/FoodBulletinUploadDocuments/8e0ba45f-affc-4309-8a2d-f6c8d01156b7_Foodgrain%20Bulletin%20fot%20November,%202024.pdf","FCI covered storage (owned+hired), avg capacity Nov-2024"
Arunachal Pradesh,hired_CWC,0.0,2024-11-30,"https://dfpd.gov.in/WriteReadData/FoodBulletinUploadDocuments/8e0ba45f-affc-4309-8a2d-f6c8d01156b7_Foodgrain%20Bulletin%20fot%20November,%202024.pdf","FCI covered storage (owned+hired), avg capacity Nov-2024"
Arunachal Pradesh,hired_SWC,0.0,2024-11-30,"https://dfpd.gov.in/WriteReadData/FoodBulletinUploadDocuments/8e0ba45f-affc-4309-8a2d-f6c8d01156b7_Foodgrain%20Bulletin%20fot%20November,%202024.pdf","FCI covered storage (owned+hired), avg capacity Nov-2024"
Arunachal Pradesh,hired_PEG,0.0,2024-11-30,"https://dfpd.gov.in/WriteReadData/FoodBulletinUploadDocuments/8e0ba45f-affc-4309-8a2d-f6c8d01156b7_Foodgrain%20Bulletin%20fot%20November,%202024.pdf","FCI covered storage (owned+hired), avg capacity Nov-2024"
Arunachal Pradesh,hired_PWS2010,0.0,2024-11-30,"https://dfpd.gov.in/WriteReadData/FoodBulletinUploadDocuments/8e0ba45f-affc-4309-8a2d-f6c8d01156b7_Foodgrain%20Bulletin%20fot%20November,%202024.pdf","FCI covered storage (owned+hired), avg capacity Nov-2024"
Arunachal Pradesh,hired_silo,0.0,2024-11-30,"https://dfpd.gov.in/WriteReadData/FoodBulletinUploadDocuments/8e0ba45f-affc-4309-8a2d-f6c8d01156b7_Foodgrain%20Bulletin%20fot%20November,%202024.pdf","FCI covered storage (owned+hired), avg capacity Nov-2024"
Arunachal Pradesh,hired_private,0.01,2024-11-30,"https://dfpd.gov.in/WriteReadData/FoodBulletinUploadDocuments/8e0ba45f-affc-4309-8a2d-f6c8d01156b7_Foodgrain%20Bulletin%20fot%20November,%202024.pdf","FCI covered storage (owned+hired), avg capacity Nov-2024"
Meghalaya,FCI_owned,0.2,2024-11-30,"https://dfpd.gov.in/WriteReadData/FoodBulletinUploadDocuments/8e0ba45f-affc-4309-8a2d-f6c8d01156b7_Foodgrain%20Bulletin%20fot%20November,%202024.pdf","FCI covered storage (owned+hired), avg capacity Nov-2024"
Meghalaya,FCI_owned_silo,0.0,2024-11-30,"https://dfpd.gov.in/WriteReadData/FoodBulletinUploadDocuments/8e0ba45f-affc-4309-8a2d-f6c8d01156b7_Foodgrain%20Bulletin%20fot%20November,%202024.pdf","FCI covered storage (owned+hired), avg capacity Nov-2024"
Meghalaya,hired_state_govt,0.0,2024-11-30,"https://dfpd.gov.in/WriteReadData/FoodBulletinUploadDocuments/8e0ba45f-affc-4309-8a2d-f6c8d01156b7_Foodgrain%20Bulletin%20fot%20November,%202024.pdf","FCI covered storage (owned+hired), avg capacity Nov-2024"
Meghalaya,hired_CWC,0.0,2024-11-30,"https://dfpd.gov.in/WriteReadData/FoodBulletinUploadDocuments/8e0ba45f-affc-4309-8a2d-f6c8d01156b7_Foodgrain%20Bulletin%20fot%20November,%202024.pdf","FCI covered storage (owned+hired), avg capacity Nov-2024"
Meghalaya,hired_SWC,0.1,2024-11-30,"https://dfpd.gov.in/WriteReadData/FoodBulletinUploadDocuments/8e0ba45f-affc-4309-8a2d-f6c8d01156b7_Foodgrain%20Bulletin%20fot%20November,%202024.pdf","FCI covered storage (owned+hired), avg capacity Nov-2024"
Meghalaya,hired_PEG,0.16,2024-11-30,"https://dfpd.gov.in/WriteReadData/FoodBulletinUploadDocuments/8e0ba45f-affc-4309-8a2d-f6c8d01156b7_Foodgrain%20Bulletin%20fot%20November,%202024.pdf","FCI covered storage (owned+hired), avg capacity Nov-2024"
Meghalaya,hired_PWS2010,0.0,2024-11-30,"https://dfpd.gov.in/WriteReadData/FoodBulletinUploadDocuments/8e0ba45f-affc-4309-8a2d-f6c8d01156b7_Foodgrain%20Bulletin%20fot%20November,%202024.pdf","FCI covered storage (owned+hired), avg capacity Nov-2024"
Meghalaya,hired_silo,0.0,2024-11-30,"https://dfpd.gov.in/WriteReadData/FoodBulletinUploadDocuments/8e0ba45f-affc-4309-8a2d-f6c8d01156b7_Foodgrain%20Bulletin%20fot%20November,%202024.pdf","FCI covered storage (owned+hired), avg capacity Nov-2024"
Meghalaya,hired_private,0.0,2024-11-30,"https://dfpd.gov.in/WriteReadData/FoodBulletinUploadDocuments/8e0ba45f-affc-4309-8a2d-f6c8d01156b7_Foodgrain%20Bulletin%20fot%20November,%202024.pdf","FCI covered storage (owned+hired), avg capacity Nov-2024"
Mizoram,FCI_owned,0.32,2024-11-30,"https://dfpd.gov.in/WriteReadData/FoodBulletinUploadDocuments/8e0ba45f-affc-4309-8a2d-f6c8d01156b7_Foodgrain%20Bulletin%20fot%20November,%202024.pdf","FCI covered storage (owned+hired), avg capacity Nov-2024"
Mizoram,FCI_owned_silo,0.0,2024-11-30,"https://dfpd.gov.in/WriteReadData/FoodBulletinUploadDocuments/8e0ba45f-affc-4309-8a2d-f6c8d01156b7_Foodgrain%20Bulletin%20fot%20November,%202024.pdf","FCI covered storage (owned+hired), avg capacity Nov-2024"
Mizoram,hired_state_govt,0.0,2024-11-30,"https://dfpd.gov.in/WriteReadData/FoodBulletinUploadDocuments/8e0ba45f-affc-4309-8a2d-f6c8d01156b7_Foodgrain%20Bulletin%20fot%20November,%202024.pdf","FCI covered storage (owned+hired), avg capacity Nov-2024"
Mizoram,hired_CWC,0.0,2024-11-30,"https://dfpd.gov.in/WriteReadData/FoodBulletinUploadDocuments/8e0ba45f-affc-4309-8a2d-f6c8d01156b7_Foodgrain%20Bulletin%20fot%20November,%202024.pdf","FCI covered storage (owned+hired), avg capacity Nov-2024"
Mizoram,hired_SWC,0.0,2024-11-30,"https://dfpd.gov.in/WriteReadData/FoodBulletinUploadDocuments/8e0ba45f-affc-4309-8a2d-f6c8d01156b7_Foodgrain%20Bulletin%20fot%20November,%202024.pdf","FCI covered storage (owned+hired), avg capacity Nov-2024"
Mizoram,hired_PEG,0.0,2024-11-30,"https://dfpd.gov.in/WriteReadData/FoodBulletinUploadDocuments/8e0ba45f-affc-4309-8a2d-f6c8d01156b7_Foodgrain%20Bulletin%20fot%20November,%202024.pdf","FCI covered storage (owned+hired), avg capacity Nov-2024"
Mizoram,hired_PWS2010,0.0,2024-11-30,"https://dfpd.gov.in/WriteReadData/FoodBulletinUploadDocuments/8e0ba45f-affc-4309-8a2d-f6c8d01156b7_Foodgrain%20Bulletin%20fot%20November,%202024.pdf","FCI covered storage (owned+hired), avg capacity Nov-2024"
Mizoram,hired_silo,0.0,2024-11-30,"https://dfpd.gov.in/WriteReadData/FoodBulletinUploadDocuments/8e0ba45f-affc-4309-8a2d-f6c8d01156b7_Foodgrain%20Bulletin%20fot%20November,%202024.pdf","FCI covered storage (owned+hired), avg capacity Nov-2024"
Mizoram,hired_private,0.0,2024-11-30,"https://dfpd.gov.in/WriteReadData/FoodBulletinUploadDocuments/8e0ba45f-affc-4309-8a2d-f6c8d01156b7_Foodgrain%20Bulletin%20fot%20November,%202024.pdf","FCI covered storage (owned+hired), avg capacity Nov-2024"
Tripura,FCI_owned,0.44,2024-11-30,"https://dfpd.gov.in/WriteReadData/FoodBulletinUploadDocuments/8e0ba45f-affc-4309-8a2d-f6c8d01156b7_Foodgrain%20Bulletin%20fot%20November,%202024.pdf","FCI covered storage (owned+hired), avg capacity Nov-2024"
Tripura,FCI_owned_silo,0.0,2024-11-30,"https://dfpd.gov.in/WriteReadData/FoodBulletinUploadDocuments/8e0ba45f-affc-4309-8a2d-f6c8d01156b7_Foodgrain%20Bulletin%20fot%20November,%202024.pdf","FCI covered storage (owned+hired), avg capacity Nov-2024"
Tripura,hired_state_govt,0.08,2024-11-30,"https://dfpd.gov.in/WriteReadData/FoodBulletinUploadDocuments/8e0ba45f-affc-4309-8a2d-f6c8d01156b7_Foodgrain%20Bulletin%20fot%20November,%202024.pdf","FCI covered storage (owned+hired), avg capacity Nov-2024"
Tripura,hired_CWC,0.11,2024-11-30,"https://dfpd.gov.in/WriteReadData/FoodBulletinUploadDocuments/8e0ba45f-affc-4309-8a2d-f6c8d01156b7_Foodgrain%20Bulletin%20fot%20November,%202024.pdf","FCI covered storage (owned+hired), avg capacity Nov-2024"
Tripura,hired_SWC,0.0,2024-11-30,"https://dfpd.gov.in/WriteReadData/FoodBulletinUploadDocuments/8e0ba45f-affc-4309-8a2d-f6c8d01156b7_Foodgrain%20Bulletin%20fot%20November,%202024.pdf","FCI covered storage (owned+hired), avg capacity Nov-2024"
Tripura,hired_PEG,0.0,2024-11-30,"https://dfpd.gov.in/WriteReadData/FoodBulletinUploadDocuments/8e0ba45f-affc-4309-8a2d-f6c8d01156b7_Foodgrain%20Bulletin%20fot%20November,%202024.pdf","FCI covered storage (owned+hired), avg capacity Nov-2024"
Tripura,hired_PWS2010,0.0,2024-11-30,"https://dfpd.gov.in/WriteReadData/FoodBulletinUploadDocuments/8e0ba45f-affc-4309-8a2d-f6c8d01156b7_Foodgrain%20Bulletin%20fot%20November,%202024.pdf","FCI covered storage (owned+hired), avg capacity Nov-2024"
Tripura,hired_silo,0.0,2024-11-30,"https://dfpd.gov.in/WriteReadData/FoodBulletinUploadDocuments/8e0ba45f-affc-4309-8a2d-f6c8d01156b7_Foodgrain%20Bulletin%20fot%20November,%202024.pdf","FCI covered storage (owned+hired), avg capacity Nov-2024"
Tripura,hired_private,0.0,2024-11-30,"https://dfpd.gov.in/WriteReadData/FoodBulletinUploadDocuments/8e0ba45f-affc-4309-8a2d-f6c8d01156b7_Foodgrain%20Bulletin%20fot%20November,%202024.pdf","FCI covered storage (owned+hired), avg capacity Nov-2024"
Manipur,FCI_owned,0.65,2024-11-30,"https://dfpd.gov.in/WriteReadData/FoodBulletinUploadDocuments/8e0ba45f-affc-4309-8a2d-f6c8d01156b7_Foodgrain%20Bulletin%20fot%20November,%202024.pdf","FCI covered storage (owned+hired), avg capacity Nov-2024"
Manipur,FCI_owned_silo,0.0,2024-11-30,"https://dfpd.gov.in/WriteReadData/FoodBulletinUploadDocuments/8e0ba45f-affc-4309-8a2d-f6c8d01156b7_Foodgrain%20Bulletin%20fot%20November,%202024.pdf","FCI covered storage (owned+hired), avg capacity Nov-2024"
Manipur,hired_state_govt,0.0,2024-11-30,"https://dfpd.gov.in/WriteReadData/FoodBulletinUploadDocuments/8e0ba45f-affc-4309-8a2d-f6c8d01156b7_Foodgrain%20Bulletin%20fot%20November,%202024.pdf","FCI covered storage (owned+hired), avg capacity Nov-2024"
Manipur,hired_CWC,0.0,2024-11-30,"https://dfpd.gov.in/WriteReadData/FoodBulletinUploadDocuments/8e0ba45f-affc-4309-8a2d-f6c8d01156b7_Foodgrain%20Bulletin%20fot%20November,%202024.pdf","FCI covered storage (owned+hired), avg capacity Nov-2024"
Manipur,hired_SWC,0.0,2024-11-30,"https://dfpd.gov.in/WriteReadData/FoodBulletinUploadDocuments/8e0ba45f-affc-4309-8a2d-f6c8d01156b7_Foodgrain%20Bulletin%20fot%20November,%202024.pdf","FCI covered storage (owned+hired), avg capacity Nov-2024"
Manipur,hired_PEG,0.0,2024-11-30,"https://dfpd.gov.in/WriteReadData/FoodBulletinUploadDocuments/8e0ba45f-affc-4309-8a2d-f6c8d01156b7_Foodgrain%20Bulletin%20fot%20November,%202024.pdf","FCI covered storage (owned+hired), avg capacity Nov-2024"
Manipur,hired_PWS2010,0.0,2024-11-30,"https://dfpd.gov.in/WriteReadData/FoodBulletinUploadDocuments/8e0ba45f-affc-4309-8a2d-f6c8d01156b7_Foodgrain%20Bulletin%20fot%20November,%202024.pdf","FCI covered storage (owned+hired), avg capacity Nov-2024"
Manipur,hired_silo,0.0,2024-11-30,"https://dfpd.gov.in/WriteReadData/FoodBulletinUploadDocuments/8e0ba45f-affc-4309-8a2d-f6c8d01156b7_Foodgrain%20Bulletin%20fot%20November,%202024.pdf","FCI covered storage (owned+hired), avg capacity Nov-2024"
Manipur,hired_private,0.0,2024-11-30,"https://dfpd.gov.in/WriteReadData/FoodBulletinUploadDocuments/8e0ba45f-affc-4309-8a2d-f6c8d01156b7_Foodgrain%20Bulletin%20fot%20November,%202024.pdf","FCI covered storage (owned+hired), avg capacity Nov-2024"
Nagaland,FCI_owned,0.42,2024-11-30,"https://dfpd.gov.in/WriteReadData/FoodBulletinUploadDocuments/8e0ba45f-affc-4309-8a2d-f6c8d01156b7_Foodgrain%20Bulletin%20fot%20November,%202024.pdf","FCI covered storage (owned+hired), avg capacity Nov-2024"
Nagaland,FCI_owned_silo,0.0,2024-11-30,"https://dfpd.gov.in/WriteReadData/FoodBulletinUploadDocuments/8e0ba45f-affc-4309-8a2d-f6c8d01156b7_Foodgrain%20Bulletin%20fot%20November,%202024.pdf","FCI covered storage (owned+hired), avg capacity Nov-2024"
Nagaland,hired_state_govt,0.0,2024-11-30,"https://dfpd.gov.in/WriteReadData/FoodBulletinUploadDocuments/8e0ba45f-affc-4309-8a2d-f6c8d01156b7_Foodgrain%20Bulletin%20fot%20November,%202024.pdf","FCI covered storage (owned+hired), avg capacity Nov-2024"
Nagaland,hired_CWC,0.16,2024-11-30,"https://dfpd.gov.in/WriteReadData/FoodBulletinUploadDocuments/8e0ba45f-affc-4309-8a2d-f6c8d01156b7_Foodgrain%20Bulletin%20fot%20November,%202024.pdf","FCI covered storage (owned+hired), avg capacity Nov-2024"
Nagaland,hired_SWC,0.0,2024-11-30,"https://dfpd.gov.in/WriteReadData/FoodBulletinUploadDocuments/8e0ba45f-affc-4309-8a2d-f6c8d01156b7_Foodgrain%20Bulletin%20fot%20November,%202024.pdf","FCI covered storage (owned+hired), avg capacity Nov-2024"
Nagaland,hired_PEG,0.0,2024-11-30,"https://dfpd.gov.in/WriteReadData/FoodBulletinUploadDocuments/8e0ba45f-affc-4309-8a2d-f6c8d01156b7_Foodgrain%20Bulletin%20fot%20November,%202024.pdf","FCI covered storage (owned+hired), avg capacity Nov-2024"
Nagaland,hired_PWS2010,0.0,2024-11-30,"https://dfpd.gov.in/WriteReadData/FoodBulletinUploadDocuments/8e0ba45f-affc-4309-8a2d-f6c8d01156b7_Foodgrain%20Bulletin%20fot%20November,%202024.pdf","FCI covered storage (owned+hired), avg capacity Nov-2024"
Nagaland,hired_silo,0.0,2024-11-30,"https://dfpd.gov.in/WriteReadData/FoodBulletinUploadDocuments/8e0ba45f-affc-4309-8a2d-f6c8d01156b7_Foodgrain%20Bulletin%20fot%20November,%202024.pdf","FCI covered storage (owned+hired), avg capacity Nov-2024"
Nagaland,hired_private,0.0,2024-11-30,"https://dfpd.gov.in/WriteReadData/FoodBulletinUploadDocuments/8e0ba45f-affc-4309-8a2d-f6c8d01156b7_Foodgrain%20Bulletin%20fot%20November,%202024.pdf","FCI covered storage (owned+hired), avg capacity Nov-2024"
Delhi,FCI_owned,3.28,2024-11-30,"https://dfpd.gov.in/WriteReadData/FoodBulletinUploadDocuments/8e0ba45f-affc-4309-8a2d-f6c8d01156b7_Foodgrain%20Bulletin%20fot%20November,%202024.pdf","FCI covered storage (owned+hired), avg capacity Nov-2024"
Delhi,FCI_owned_silo,0.0,2024-11-30,"https://dfpd.gov.in/WriteReadData/FoodBulletinUploadDocuments/8e0ba45f-affc-4309-8a2d-f6c8d01156b7_Foodgrain%20Bulletin%20fot%20November,%202024.pdf","FCI covered storage (owned+hired), avg capacity Nov-2024"
Delhi,hired_state_govt,0.0,2024-11-30,"https://dfpd.gov.in/WriteReadData/FoodBulletinUploadDocuments/8e0ba45f-affc-4309-8a2d-f6c8d01156b7_Foodgrain%20Bulletin%20fot%20November,%202024.pdf","FCI covered storage (owned+hired), avg capacity Nov-2024"
Delhi,hired_CWC,0.0,2024-11-30,"https://dfpd.gov.in/WriteReadData/FoodBulletinUploadDocuments/8e0ba45f-affc-4309-8a2d-f6c8d01156b7_Foodgrain%20Bulletin%20fot%20November,%202024.pdf","FCI covered storage (owned+hired), avg capacity Nov-2024"
Delhi,hired_SWC,0.0,2024-11-30,"https://dfpd.gov.in/WriteReadData/FoodBulletinUploadDocuments/8e0ba45f-affc-4309-8a2d-f6c8d01156b7_Foodgrain%20Bulletin%20fot%20November,%202024.pdf","FCI covered storage (owned+hired), avg capacity Nov-2024"
Delhi,hired_PEG,0.0,2024-11-30,"https://dfpd.gov.in/WriteReadData/FoodBulletinUploadDocuments/8e0ba45f-affc-4309-8a2d-f6c8d01156b7_Foodgrain%20Bulletin%20fot%20November,%202024.pdf","FCI covered storage (owned+hired), avg capacity Nov-2024"
Delhi,hired_PWS2010,0.0,2024-11-30,"https://dfpd.gov.in/WriteReadData/FoodBulletinUploadDocuments/8e0ba45f-affc-4309-8a2d-f6c8d01156b7_Foodgrain%20Bulletin%20fot%20November,%202024.pdf","FCI covered storage (owned+hired), avg capacity Nov-2024"
Delhi,hired_silo,0.0,2024-11-30,"https://dfpd.gov.in/WriteReadData/FoodBulletinUploadDocuments/8e0ba45f-affc-4309-8a2d-f6c8d01156b7_Foodgrain%20Bulletin%20fot%20November,%202024.pdf","FCI covered storage (owned+hired), avg capacity Nov-2024"
Delhi,hired_private,0.0,2024-11-30,"https://dfpd.gov.in/WriteReadData/FoodBulletinUploadDocuments/8e0ba45f-affc-4309-8a2d-f6c8d01156b7_Foodgrain%20Bulletin%20fot%20November,%202024.pdf","FCI covered storage (owned+hired), avg capacity Nov-2024"
Haryana,FCI_owned,8.75,2024-11-30,"https://dfpd.gov.in/WriteReadData/FoodBulletinUploadDocuments/8e0ba45f-affc-4309-8a2d-f6c8d01156b7_Foodgrain%20Bulletin%20fot%20November,%202024.pdf","FCI covered storage (owned+hired), avg capacity Nov-2024"
Haryana,FCI_owned_silo,0.0,2024-11-30,"https://dfpd.gov.in/WriteReadData/FoodBulletinUploadDocuments/8e0ba45f-affc-4309-8a2d-f6c8d01156b7_Foodgrain%20Bulletin%20fot%20November,%202024.pdf","FCI covered storage (owned+hired), avg capacity Nov-2024"
Haryana,hired_state_govt,4.93,2024-11-30,"https://dfpd.gov.in/WriteReadData/FoodBulletinUploadDocuments/8e0ba45f-affc-4309-8a2d-f6c8d01156b7_Foodgrain%20Bulletin%20fot%20November,%202024.pdf","FCI covered storage (owned+hired), avg capacity Nov-2024"
Haryana,hired_CWC,3.34,2024-11-30,"https://dfpd.gov.in/WriteReadData/FoodBulletinUploadDocuments/8e0ba45f-affc-4309-8a2d-f6c8d01156b7_Foodgrain%20Bulletin%20fot%20November,%202024.pdf","FCI covered storage (owned+hired), avg capacity Nov-2024"
Haryana,hired_SWC,6.33,2024-11-30,"https://dfpd.gov.in/WriteReadData/FoodBulletinUploadDocuments/8e0ba45f-affc-4309-8a2d-f6c8d01156b7_Foodgrain%20Bulletin%20fot%20November,%202024.pdf","FCI covered storage (owned+hired), avg capacity Nov-2024"
Haryana,hired_PEG,26.72,2024-11-30,"https://dfpd.gov.in/WriteReadData/FoodBulletinUploadDocuments/8e0ba45f-affc-4309-8a2d-f6c8d01156b7_Foodgrain%20Bulletin%20fot%20November,%202024.pdf","FCI covered storage (owned+hired), avg capacity Nov-2024"
Haryana,hired_PWS2010,1.21,2024-11-30,"https://dfpd.gov.in/WriteReadData/FoodBulletinUploadDocuments/8e0ba45f-affc-4309-8a2d-f6c8d01156b7_Foodgrain%20Bulletin%20fot%20November,%202024.pdf","FCI covered storage (owned+hired), avg capacity Nov-2024"
Haryana,hired_silo,4.0,2024-11-30,"https://dfpd.gov.in/WriteReadData/FoodBulletinUploadDocuments/8e0ba45f-affc-4309-8a2d-f6c8d01156b7_Foodgrain%20Bulletin%20fot%20November,%202024.pdf","FCI covered storage (owned+hired), avg capacity Nov-2024"
Haryana,hired_private,0.0,2024-11-30,"https://dfpd.gov.in/WriteReadData/FoodBulletinUploadDocuments/8e0ba45f-affc-4309-8a2d-f6c8d01156b7_Foodgrain%20Bulletin%20fot%20November,%202024.pdf","FCI covered storage (owned+hired), avg capacity Nov-2024"
Himachal Pradesh,FCI_owned,0.27,2024-11-30,"https://dfpd.gov.in/WriteReadData/FoodBulletinUploadDocuments/8e0ba45f-affc-4309-8a2d-f6c8d01156b7_Foodgrain%20Bulletin%20fot%20November,%202024.pdf","FCI covered storage (owned+hired), avg capacity Nov-2024"
Himachal Pradesh,FCI_owned_silo,0.0,2024-11-30,"https://dfpd.gov.in/WriteReadData/FoodBulletinUploadDocuments/8e0ba45f-affc-4309-8a2d-f6c8d01156b7_Foodgrain%20Bulletin%20fot%20November,%202024.pdf","FCI covered storage (owned+hired), avg capacity Nov-2024"
Himachal Pradesh,hired_state_govt,0.04,2024-11-30,"https://dfpd.gov.in/WriteReadData/FoodBulletinUploadDocuments/8e0ba45f-affc-4309-8a2d-f6c8d01156b7_Foodgrain%20Bulletin%20fot%20November,%202024.pdf","FCI covered storage (owned+hired), avg capacity Nov-2024"
Himachal Pradesh,hired_CWC,0.14,2024-11-30,"https://dfpd.gov.in/WriteReadData/FoodBulletinUploadDocuments/8e0ba45f-affc-4309-8a2d-f6c8d01156b7_Foodgrain%20Bulletin%20fot%20November,%202024.pdf","FCI covered storage (owned+hired), avg capacity Nov-2024"
Himachal Pradesh,hired_SWC,0.0,2024-11-30,"https://dfpd.gov.in/WriteReadData/FoodBulletinUploadDocuments/8e0ba45f-affc-4309-8a2d-f6c8d01156b7_Foodgrain%20Bulletin%20fot%20November,%202024.pdf","FCI covered storage (owned+hired), avg capacity Nov-2024"
Himachal Pradesh,hired_PEG,0.45,2024-11-30,"https://dfpd.gov.in/WriteReadData/FoodBulletinUploadDocuments/8e0ba45f-affc-4309-8a2d-f6c8d01156b7_Foodgrain%20Bulletin%20fot%20November,%202024.pdf","FCI covered storage (owned+hired), avg capacity Nov-2024"
Himachal Pradesh,hired_PWS2010,0.05,2024-11-30,"https://dfpd.gov.in/WriteReadData/FoodBulletinUploadDocuments/8e0ba45f-affc-4309-8a2d-f6c8d01156b7_Foodgrain%20Bulletin%20fot%20November,%202024.pdf","FCI covered storage (owned+hired), avg capacity Nov-2024"
Himachal Pradesh,hired_silo,0.0,2024-11-30,"https://dfpd.gov.in/WriteReadData/FoodBulletinUploadDocuments/8e0ba45f-affc-4309-8a2d-f6c8d01156b7_Foodgrain%20Bulletin%20fot%20November,%202024.pdf","FCI covered storage (owned+hired), avg capacity Nov-2024"
Himachal Pradesh,hired_private,0.0,2024-11-30,"https://dfpd.gov.in/WriteReadData/FoodBulletinUploadDocuments/8e0ba45f-affc-4309-8a2d-f6c8d01156b7_Foodgrain%20Bulletin%20fot%20November,%202024.pdf","FCI covered storage (owned+hired), avg capacity Nov-2024"
Jammu & Kashmir,FCI_owned,0.95,2024-11-30,"https://dfpd.gov.in/WriteReadData/FoodBulletinUploadDocuments/8e0ba45f-affc-4309-8a2d-f6c8d01156b7_Foodgrain%20Bulletin%20fot%20November,%202024.pdf","FCI covered storage (owned+hired), avg capacity Nov-2024"
Jammu & Kashmir,FCI_owned_silo,0.0,2024-11-30,"https://dfpd.gov.in/WriteReadData/FoodBulletinUploadDocuments/8e0ba45f-affc-4309-8a2d-f6c8d01156b7_Foodgrain%20Bulletin%20fot%20November,%202024.pdf","FCI covered storage (owned+hired), avg capacity Nov-2024"
Jammu & Kashmir,hired_state_govt,0.06,2024-11-30,"https://dfpd.gov.in/WriteReadData/FoodBulletinUploadDocuments/8e0ba45f-affc-4309-8a2d-f6c8d01156b7_Foodgrain%20Bulletin%20fot%20November,%202024.pdf","FCI covered storage (owned+hired), avg capacity Nov-2024"
Jammu & Kashmir,hired_CWC,0.0,2024-11-30,"https://dfpd.gov.in/WriteReadData/FoodBulletinUploadDocuments/8e0ba45f-affc-4309-8a2d-f6c8d01156b7_Foodgrain%20Bulletin%20fot%20November,%202024.pdf","FCI covered storage (owned+hired), avg capacity Nov-2024"
Jammu & Kashmir,hired_SWC,0.0,2024-11-30,"https://dfpd.gov.in/WriteReadData/FoodBulletinUploadDocuments/8e0ba45f-affc-4309-8a2d-f6c8d01156b7_Foodgrain%20Bulletin%20fot%20November,%202024.pdf","FCI covered storage (owned+hired), avg capacity Nov-2024"
Jammu & Kashmir,hired_PEG,0.33,2024-11-30,"https://dfpd.gov.in/WriteReadData/FoodBulletinUploadDocuments/8e0ba45f-affc-4309-8a2d-f6c8d01156b7_Foodgrain%20Bulletin%20fot%20November,%202024.pdf","FCI covered storage (owned+hired), avg capacity Nov-2024"
Jammu & Kashmir,hired_PWS2010,0.96,2024-11-30,"https://dfpd.gov.in/WriteReadData/FoodBulletinUploadDocuments/8e0ba45f-affc-4309-8a2d-f6c8d01156b7_Foodgrain%20Bulletin%20fot%20November,%202024.pdf","FCI covered storage (owned+hired), avg capacity Nov-2024"
Jammu & Kashmir,hired_silo,0.0,2024-11-30,"https://dfpd.gov.in/WriteReadData/FoodBulletinUploadDocuments/8e0ba45f-affc-4309-8a2d-f6c8d01156b7_Foodgrain%20Bulletin%20fot%20November,%202024.pdf","FCI covered storage (owned+hired), avg capacity Nov-2024"
Jammu & Kashmir,hired_private,0.0,2024-11-30,"https://dfpd.gov.in/WriteReadData/FoodBulletinUploadDocuments/8e0ba45f-affc-4309-8a2d-f6c8d01156b7_Foodgrain%20Bulletin%20fot%20November,%202024.pdf","FCI covered storage (owned+hired), avg capacity Nov-2024"
Ladakh,FCI_owned,0.25,2024-11-30,"https://dfpd.gov.in/WriteReadData/FoodBulletinUploadDocuments/8e0ba45f-affc-4309-8a2d-f6c8d01156b7_Foodgrain%20Bulletin%20fot%20November,%202024.pdf","FCI covered storage (owned+hired), avg capacity Nov-2024"
Ladakh,FCI_owned_silo,0.0,2024-11-30,"https://dfpd.gov.in/WriteReadData/FoodBulletinUploadDocuments/8e0ba45f-affc-4309-8a2d-f6c8d01156b7_Foodgrain%20Bulletin%20fot%20November,%202024.pdf","FCI covered storage (owned+hired), avg capacity Nov-2024"
Ladakh,hired_state_govt,0.0,2024-11-30,"https://dfpd.gov.in/WriteReadData/FoodBulletinUploadDocuments/8e0ba45f-affc-4309-8a2d-f6c8d01156b7_Foodgrain%20Bulletin%20fot%20November,%202024.pdf","FCI covered storage (owned+hired), avg capacity Nov-2024"
Ladakh,hired_CWC,0.01,2024-11-30,"https://dfpd.gov.in/WriteReadData/FoodBulletinUploadDocuments/8e0ba45f-affc-4309-8a2d-f6c8d01156b7_Foodgrain%20Bulletin%20fot%20November,%202024.pdf","FCI covered storage (owned+hired), avg capacity Nov-2024"
Ladakh,hired_SWC,0.0,2024-11-30,"https://dfpd.gov.in/WriteReadData/FoodBulletinUploadDocuments/8e0ba45f-affc-4309-8a2d-f6c8d01156b7_Foodgrain%20Bulletin%20fot%20November,%202024.pdf","FCI covered storage (owned+hired), avg capacity Nov-2024"
Ladakh,hired_PEG,0.0,2024-11-30,"https://dfpd.gov.in/WriteReadData/FoodBulletinUploadDocuments/8e0ba45f-affc-4309-8a2d-f6c8d01156b7_Foodgrain%20Bulletin%20fot%20November,%202024.pdf","FCI covered storage (owned+hired), avg capacity Nov-2024"
Ladakh,hired_PWS2010,0.0,2024-11-30,"https://dfpd.gov.in/WriteReadData/FoodBulletinUploadDocuments/8e0ba45f-affc-4309-8a2d-f6c8d01156b7_Foodgrain%20Bulletin%20fot%20November,%202024.pdf","FCI covered storage (owned+hired), avg capacity Nov-2024"
Ladakh,hired_silo,0.0,2024-11-30,"https://dfpd.gov.in/WriteReadData/FoodBulletinUploadDocuments/8e0ba45f-affc-4309-8a2d-f6c8d01156b7_Foodgrain%20Bulletin%20fot%20November,%202024.pdf","FCI covered storage (owned+hired), avg capacity Nov-2024"
Ladakh,hired_private,0.0,2024-11-30,"https://dfpd.gov.in/WriteReadData/FoodBulletinUploadDocuments/8e0ba45f-affc-4309-8a2d-f6c8d01156b7_Foodgrain%20Bulletin%20fot%20November,%202024.pdf","FCI covered storage (owned+hired), avg capacity Nov-2024"
Punjab,FCI_owned,26.57,2024-11-30,"https://dfpd.gov.in/WriteReadData/FoodBulletinUploadDocuments/8e0ba45f-affc-4309-8a2d-f6c8d01156b7_Foodgrain%20Bulletin%20fot%20November,%202024.pdf","FCI covered storage (owned+hired), avg capacity Nov-2024"
Punjab,FCI_owned_silo,0.6,2024-11-30,"https://dfpd.gov.in/WriteReadData/FoodBulletinUploadDocuments/8e0ba45f-affc-4309-8a2d-f6c8d01156b7_Foodgrain%20Bulletin%20fot%20November,%202024.pdf","FCI covered storage (owned+hired), avg capacity Nov-2024"
Punjab,hired_state_govt,0.0,2024-11-30,"https://dfpd.gov.in/WriteReadData/FoodBulletinUploadDocuments/8e0ba45f-affc-4309-8a2d-f6c8d01156b7_Foodgrain%20Bulletin%20fot%20November,%202024.pdf","FCI covered storage (owned+hired), avg capacity Nov-2024"
Punjab,hired_CWC,7.37,2024-11-30,"https://dfpd.gov.in/WriteReadData/FoodBulletinUploadDocuments/8e0ba45f-affc-4309-8a2d-f6c8d01156b7_Foodgrain%20Bulletin%20fot%20November,%202024.pdf","FCI covered storage (owned+hired), avg capacity Nov-2024"
Punjab,hired_SWC,43.15,2024-11-30,"https://dfpd.gov.in/WriteReadData/FoodBulletinUploadDocuments/8e0ba45f-affc-4309-8a2d-f6c8d01156b7_Foodgrain%20Bulletin%20fot%20November,%202024.pdf","FCI covered storage (owned+hired), avg capacity Nov-2024"
Punjab,hired_PEG,40.36,2024-11-30,"https://dfpd.gov.in/WriteReadData/FoodBulletinUploadDocuments/8e0ba45f-affc-4309-8a2d-f6c8d01156b7_Foodgrain%20Bulletin%20fot%20November,%202024.pdf","FCI covered storage (owned+hired), avg capacity Nov-2024"
Punjab,hired_PWS2010,1.9,2024-11-30,"https://dfpd.gov.in/WriteReadData/FoodBulletinUploadDocuments/8e0ba45f-affc-4309-8a2d-f6c8d01156b7_Foodgrain%20Bulletin%20fot%20November,%202024.pdf","FCI covered storage (owned+hired), avg capacity Nov-2024"
Punjab,hired_silo,5.25,2024-11-30,"https://dfpd.gov.in/WriteReadData/FoodBulletinUploadDocuments/8e0ba45f-affc-4309-8a2d-f6c8d01156b7_Foodgrain%20Bulletin%20fot%20November,%202024.pdf","FCI covered storage (owned+hired), avg capacity Nov-2024"
Punjab,hired_private,0.7,2024-11-30,"https://dfpd.gov.in/WriteReadData/FoodBulletinUploadDocuments/8e0ba45f-affc-4309-8a2d-f6c8d01156b7_Foodgrain%20Bulletin%20fot%20November,%202024.pdf","FCI covered storage (owned+hired), avg capacity Nov-2024"
Chandigarh,FCI_owned,0.0,2024-11-30,"https://dfpd.gov.in/WriteReadData/FoodBulletinUploadDocuments/8e0ba45f-affc-4309-8a2d-f6c8d01156b7_Foodgrain%20Bulletin%20fot%20November,%202024.pdf","FCI covered storage (owned+hired), avg capacity Nov-2024"
Chandigarh,FCI_owned_silo,0.0,2024-11-30,"https://dfpd.gov.in/WriteReadData/FoodBulletinUploadDocuments/8e0ba45f-affc-4309-8a2d-f6c8d01156b7_Foodgrain%20Bulletin%20fot%20November,%202024.pdf","FCI covered storage (owned+hired), avg capacity Nov-2024"
Chandigarh,hired_state_govt,0.0,2024-11-30,"https://dfpd.gov.in/WriteReadData/FoodBulletinUploadDocuments/8e0ba45f-affc-4309-8a2d-f6c8d01156b7_Foodgrain%20Bulletin%20fot%20November,%202024.pdf","FCI covered storage (owned+hired), avg capacity Nov-2024"
Chandigarh,hired_CWC,0.09,2024-11-30,"https://dfpd.gov.in/WriteReadData/FoodBulletinUploadDocuments/8e0ba45f-affc-4309-8a2d-f6c8d01156b7_Foodgrain%20Bulletin%20fot%20November,%202024.pdf","FCI covered storage (owned+hired), avg capacity Nov-2024"
Chandigarh,hired_SWC,0.0,2024-11-30,"https://dfpd.gov.in/WriteReadData/FoodBulletinUploadDocuments/8e0ba45f-affc-4309-8a2d-f6c8d01156b7_Foodgrain%20Bulletin%20fot%20November,%202024.pdf","FCI covered storage (owned+hired), avg capacity Nov-2024"
Chandigarh,hired_PEG,0.0,2024-11-30,"https://dfpd.gov.in/WriteReadData/FoodBulletinUploadDocuments/8e0ba45f-affc-4309-8a2d-f6c8d01156b7_Foodgrain%20Bulletin%20fot%20November,%202024.pdf","FCI covered storage (owned+hired), avg capacity Nov-2024"
Chandigarh,hired_PWS2010,0.0,2024-11-30,"https://dfpd.gov.in/WriteReadData/FoodBulletinUploadDocuments/8e0ba45f-affc-4309-8a2d-f6c8d01156b7_Foodgrain%20Bulletin%20fot%20November,%202024.pdf","FCI covered storage (owned+hired), avg capacity Nov-2024"
Chandigarh,hired_silo,0.0,2024-11-30,"https://dfpd.gov.in/WriteReadData/FoodBulletinUploadDocuments/8e0ba45f-affc-4309-8a2d-f6c8d01156b7_Foodgrain%20Bulletin%20fot%20November,%202024.pdf","FCI covered storage (owned+hired), avg capacity Nov-2024"
Chandigarh,hired_private,0.0,2024-11-30,"https://dfpd.gov.in/WriteReadData/FoodBulletinUploadDocuments/8e0ba45f-affc-4309-8a2d-f6c8d01156b7_Foodgrain%20Bulletin%20fot%20November,%202024.pdf","FCI covered storage (owned+hired), avg capacity Nov-2024"
Rajasthan,FCI_owned,8.52,2024-11-30,"https://dfpd.gov.in/WriteReadData/FoodBulletinUploadDocuments/8e0ba45f-affc-4309-8a2d-f6c8d01156b7_Foodgrain%20Bulletin%20fot%20November,%202024.pdf","FCI covered storage (owned+hired), avg capacity Nov-2024"
Rajasthan,FCI_owned_silo,0.0,2024-11-30,"https://dfpd.gov.in/WriteReadData/FoodBulletinUploadDocuments/8e0ba45f-affc-4309-8a2d-f6c8d01156b7_Foodgrain%20Bulletin%20fot%20November,%202024.pdf","FCI covered storage (owned+hired), avg capacity Nov-2024"
Rajasthan,hired_state_govt,0.05,2024-11-30,"https://dfpd.gov.in/WriteReadData/FoodBulletinUploadDocuments/8e0ba45f-affc-4309-8a2d-f6c8d01156b7_Foodgrain%20Bulletin%20fot%20November,%202024.pdf","FCI covered storage (owned+hired), avg capacity Nov-2024"
Rajasthan,hired_CWC,1.14,2024-11-30,"https://dfpd.gov.in/WriteReadData/FoodBulletinUploadDocuments/8e0ba45f-affc-4309-8a2d-f6c8d01156b7_Foodgrain%20Bulletin%20fot%20November,%202024.pdf","FCI covered storage (owned+hired), avg capacity Nov-2024"
Rajasthan,hired_SWC,1.45,2024-11-30,"https://dfpd.gov.in/WriteReadData/FoodBulletinUploadDocuments/8e0ba45f-affc-4309-8a2d-f6c8d01156b7_Foodgrain%20Bulletin%20fot%20November,%202024.pdf","FCI covered storage (owned+hired), avg capacity Nov-2024"
Rajasthan,hired_PEG,0.3,2024-11-30,"https://dfpd.gov.in/WriteReadData/FoodBulletinUploadDocuments/8e0ba45f-affc-4309-8a2d-f6c8d01156b7_Foodgrain%20Bulletin%20fot%20November,%202024.pdf","FCI covered storage (owned+hired), avg capacity Nov-2024"
Rajasthan,hired_PWS2010,4.66,2024-11-30,"https://dfpd.gov.in/WriteReadData/FoodBulletinUploadDocuments/8e0ba45f-affc-4309-8a2d-f6c8d01156b7_Foodgrain%20Bulletin%20fot%20November,%202024.pdf","FCI covered storage (owned+hired), avg capacity Nov-2024"
Rajasthan,hired_silo,0.0,2024-11-30,"https://dfpd.gov.in/WriteReadData/FoodBulletinUploadDocuments/8e0ba45f-affc-4309-8a2d-f6c8d01156b7_Foodgrain%20Bulletin%20fot%20November,%202024.pdf","FCI covered storage (owned+hired), avg capacity Nov-2024"
Rajasthan,hired_private,0.23,2024-11-30,"https://dfpd.gov.in/WriteReadData/FoodBulletinUploadDocuments/8e0ba45f-affc-4309-8a2d-f6c8d01156b7_Foodgrain%20Bulletin%20fot%20November,%202024.pdf","FCI covered storage (owned+hired), avg capacity Nov-2024"
Uttar Pradesh,FCI_owned,15.18,2024-11-30,"https://dfpd.gov.in/WriteReadData/FoodBulletinUploadDocuments/8e0ba45f-affc-4309-8a2d-f6c8d01156b7_Foodgrain%20Bulletin%20fot%20November,%202024.pdf","FCI covered storage (owned+hired), avg capacity Nov-2024"
Uttar Pradesh,FCI_owned_silo,0.5,2024-11-30,"https://dfpd.gov.in/WriteReadData/FoodBulletinUploadDocuments/8e0ba45f-affc-4309-8a2d-f6c8d01156b7_Foodgrain%20Bulletin%20fot%20November,%202024.pdf","FCI covered storage (owned+hired), avg capacity Nov-2024"
Uttar Pradesh,hired_state_govt,0.0,2024-11-30,"https://dfpd.gov.in/WriteReadData/FoodBulletinUploadDocuments/8e0ba45f-affc-4309-8a2d-f6c8d01156b7_Foodgrain%20Bulletin%20fot%20November,%202024.pdf","FCI covered storage (owned+hired), avg capacity Nov-2024"
Uttar Pradesh,hired_CWC,6.34,2024-11-30,"https://dfpd.gov.in/WriteReadData/FoodBulletinUploadDocuments/8e0ba45f-affc-4309-8a2d-f6c8d01156b7_Foodgrain%20Bulletin%20fot%20November,%202024.pdf","FCI covered storage (owned+hired), avg capacity Nov-2024"
Uttar Pradesh,hired_SWC,12.02,2024-11-30,"https://dfpd.gov.in/WriteReadData/FoodBulletinUploadDocuments/8e0ba45f-affc-4309-8a2d-f6c8d01156b7_Foodgrain%20Bulletin%20fot%20November,%202024.pdf","FCI covered storage (owned+hired), avg capacity Nov-2024"
Uttar Pradesh,hired_PEG,10.88,2024-11-30,"https://dfpd.gov.in/WriteReadData/FoodBulletinUploadDocuments/8e0ba45f-affc-4309-8a2d-f6c8d01156b7_Foodgrain%20Bulletin%20fot%20November,%202024.pdf","FCI covered storage (owned+hired), avg capacity Nov-2024"
Uttar Pradesh,hired_PWS2010,0.76,2024-11-30,"https://dfpd.gov.in/WriteReadData/FoodBulletinUploadDocuments/8e0ba45f-affc-4309-8a2d-f6c8d01156b7_Foodgrain%20Bulletin%20fot%20November,%202024.pdf","FCI covered storage (owned+hired), avg capacity Nov-2024"
Uttar Pradesh,hired_silo,1.5,2024-11-30,"https://dfpd.gov.in/WriteReadData/FoodBulletinUploadDocuments/8e0ba45f-affc-4309-8a2d-f6c8d01156b7_Foodgrain%20Bulletin%20fot%20November,%202024.pdf","FCI covered storage (owned+hired), avg capacity Nov-2024"
Uttar Pradesh,hired_private,0.0,2024-11-30,"https://dfpd.gov.in/WriteReadData/FoodBulletinUploadDocuments/8e0ba45f-affc-4309-8a2d-f6c8d01156b7_Foodgrain%20Bulletin%20fot%20November,%202024.pdf","FCI covered storage (owned+hired), avg capacity Nov-2024"
Uttarakhand,FCI_owned,0.73,2024-11-30,"https://dfpd.gov.in/WriteReadData/FoodBulletinUploadDocuments/8e0ba45f-affc-4309-8a2d-f6c8d01156b7_Foodgrain%20Bulletin%20fot%20November,%202024.pdf","FCI covered storage (owned+hired), avg capacity Nov-2024"
Uttarakhand,FCI_owned_silo,0.0,2024-11-30,"https://dfpd.gov.in/WriteReadData/FoodBulletinUploadDocuments/8e0ba45f-affc-4309-8a2d-f6c8d01156b7_Foodgrain%20Bulletin%20fot%20November,%202024.pdf","FCI covered storage (owned+hired), avg capacity Nov-2024"
Uttarakhand,hired_state_govt,0.05,2024-11-30,"https://dfpd.gov.in/WriteReadData/FoodBulletinUploadDocuments/8e0ba45f-affc-4309-8a2d-f6c8d01156b7_Foodgrain%20Bulletin%20fot%20November,%202024.pdf","FCI covered storage (owned+hired), avg capacity Nov-2024"
Uttarakhand,hired_CWC,0.5,2024-11-30,"https://dfpd.gov.in/WriteReadData/FoodBulletinUploadDocuments/8e0ba45f-affc-4309-8a2d-f6c8d01156b7_Foodgrain%20Bulletin%20fot%20November,%202024.pdf","FCI covered storage (owned+hired), avg capacity Nov-2024"
Uttarakhand,hired_SWC,0.46,2024-11-30,"https://dfpd.gov.in/WriteReadData/FoodBulletinUploadDocuments/8e0ba45f-affc-4309-8a2d-f6c8d01156b7_Foodgrain%20Bulletin%20fot%20November,%202024.pdf","FCI covered storage (owned+hired), avg capacity Nov-2024"
Uttarakhand,hired_PEG,0.1,2024-11-30,"https://dfpd.gov.in/WriteReadData/FoodBulletinUploadDocuments/8e0ba45f-affc-4309-8a2d-f6c8d01156b7_Foodgrain%20Bulletin%20fot%20November,%202024.pdf","FCI covered storage (owned+hired), avg capacity Nov-2024"
Uttarakhand,hired_PWS2010,0.0,2024-11-30,"https://dfpd.gov.in/WriteReadData/FoodBulletinUploadDocuments/8e0ba45f-affc-4309-8a2d-f6c8d01156b7_Foodgrain%20Bulletin%20fot%20November,%202024.pdf","FCI covered storage (owned+hired), avg capacity Nov-2024"
Uttarakhand,hired_silo,0.0,2024-11-30,"https://dfpd.gov.in/WriteReadData/FoodBulletinUploadDocuments/8e0ba45f-affc-4309-8a2d-f6c8d01156b7_Foodgrain%20Bulletin%20fot%20November,%202024.pdf","FCI covered storage (owned+hired), avg capacity Nov-2024"
Uttarakhand,hired_private,0.0,2024-11-30,"https://dfpd.gov.in/WriteReadData/FoodBulletinUploadDocuments/8e0ba45f-affc-4309-8a2d-f6c8d01156b7_Foodgrain%20Bulletin%20fot%20November,%202024.pdf","FCI covered storage (owned+hired), avg capacity Nov-2024"
Andhra Pradesh,FCI_owned,8.64,2024-11-30,"https://dfpd.gov.in/WriteReadData/FoodBulletinUploadDocuments/8e0ba45f-affc-4309-8a2d-f6c8d01156b7_Foodgrain%20Bulletin%20fot%20November,%202024.pdf","FCI covered storage (owned+hired), avg capacity Nov-2024"
Andhra Pradesh,FCI_owned_silo,0.0,2024-11-30,"https://dfpd.gov.in/WriteReadData/FoodBulletinUploadDocuments/8e0ba45f-affc-4309-8a2d-f6c8d01156b7_Foodgrain%20Bulletin%20fot%20November,%202024.pdf","FCI covered storage (owned+hired), avg capacity Nov-2024"
Andhra Pradesh,hired_state_govt,0.0,2024-11-30,"https://dfpd.gov.in/WriteReadData/FoodBulletinUploadDocuments/8e0ba45f-affc-4309-8a2d-f6c8d01156b7_Foodgrain%20Bulletin%20fot%20November,%202024.pdf","FCI covered storage (owned+hired), avg capacity Nov-2024"
Andhra Pradesh,hired_CWC,0.32,2024-11-30,"https://dfpd.gov.in/WriteReadData/FoodBulletinUploadDocuments/8e0ba45f-affc-4309-8a2d-f6c8d01156b7_Foodgrain%20Bulletin%20fot%20November,%202024.pdf","FCI covered storage (owned+hired), avg capacity Nov-2024"
Andhra Pradesh,hired_SWC,2.42,2024-11-30,"https://dfpd.gov.in/WriteReadData/FoodBulletinUploadDocuments/8e0ba45f-affc-4309-8a2d-f6c8d01156b7_Foodgrain%20Bulletin%20fot%20November,%202024.pdf","FCI covered storage (owned+hired), avg capacity Nov-2024"
Andhra Pradesh,hired_PEG,0.0,2024-11-30,"https://dfpd.gov.in/WriteReadData/FoodBulletinUploadDocuments/8e0ba45f-affc-4309-8a2d-f6c8d01156b7_Foodgrain%20Bulletin%20fot%20November,%202024.pdf","FCI covered storage (owned+hired), avg capacity Nov-2024"
Andhra Pradesh,hired_PWS2010,0.0,2024-11-30,"https://dfpd.gov.in/WriteReadData/FoodBulletinUploadDocuments/8e0ba45f-affc-4309-8a2d-f6c8d01156b7_Foodgrain%20Bulletin%20fot%20November,%202024.pdf","FCI covered storage (owned+hired), avg capacity Nov-2024"
Andhra Pradesh,hired_silo,0.0,2024-11-30,"https://dfpd.gov.in/WriteReadData/FoodBulletinUploadDocuments/8e0ba45f-affc-4309-8a2d-f6c8d01156b7_Foodgrain%20Bulletin%20fot%20November,%202024.pdf","FCI covered storage (owned+hired), avg capacity Nov-2024"
Andhra Pradesh,hired_private,0.0,2024-11-30,"https://dfpd.gov.in/WriteReadData/FoodBulletinUploadDocuments/8e0ba45f-affc-4309-8a2d-f6c8d01156b7_Foodgrain%20Bulletin%20fot%20November,%202024.pdf","FCI covered storage (owned+hired), avg capacity Nov-2024"
Andaman & Nicobar,FCI_owned,0.07,2024-11-30,"https://dfpd.gov.in/WriteReadData/FoodBulletinUploadDocuments/8e0ba45f-affc-4309-8a2d-f6c8d01156b7_Foodgrain%20Bulletin%20fot%20November,%202024.pdf","FCI covered storage (owned+hired), avg capacity Nov-2024"
Andaman & Nicobar,FCI_owned_silo,0.0,2024-11-30,"https://dfpd.gov.in/WriteReadData/FoodBulletinUploadDocuments/8e0ba45f-affc-4309-8a2d-f6c8d01156b7_Foodgrain%20Bulletin%20fot%20November,%202024.pdf","FCI covered storage (owned+hired), avg capacity Nov-2024"
Andaman & Nicobar,hired_state_govt,0.0,2024-11-30,"https://dfpd.gov.in/WriteReadData/FoodBulletinUploadDocuments/8e0ba45f-affc-4309-8a2d-f6c8d01156b7_Foodgrain%20Bulletin%20fot%20November,%202024.pdf","FCI covered storage (owned+hired), avg capacity Nov-2024"
Andaman & Nicobar,hired_CWC,0.0,2024-11-30,"https://dfpd.gov.in/WriteReadData/FoodBulletinUploadDocuments/8e0ba45f-affc-4309-8a2d-f6c8d01156b7_Foodgrain%20Bulletin%20fot%20November,%202024.pdf","FCI covered storage (owned+hired), avg capacity Nov-2024"
Andaman & Nicobar,hired_SWC,0.0,2024-11-30,"https://dfpd.gov.in/WriteReadData/FoodBulletinUploadDocuments/8e0ba45f-affc-4309-8a2d-f6c8d01156b7_Foodgrain%20Bulletin%20fot%20November,%202024.pdf","FCI covered storage (owned+hired), avg capacity Nov-2024"
Andaman & Nicobar,hired_PEG,0.0,2024-11-30,"https://dfpd.gov.in/WriteReadData/FoodBulletinUploadDocuments/8e0ba45f-affc-4309-8a2d-f6c8d01156b7_Foodgrain%20Bulletin%20fot%20November,%202024.pdf","FCI covered storage (owned+hired), avg capacity Nov-2024"
Andaman & Nicobar,hired_PWS2010,0.0,2024-11-30,"https://dfpd.gov.in/WriteReadData/FoodBulletinUploadDocuments/8e0ba45f-affc-4309-8a2d-f6c8d01156b7_Foodgrain%20Bulletin%20fot%20November,%202024.pdf","FCI covered storage (owned+hired), avg capacity Nov-2024"
Andaman & Nicobar,hired_silo,0.0,2024-11-30,"https://dfpd.gov.in/WriteReadData/FoodBulletinUploadDocuments/8e0ba45f-affc-4309-8a2d-f6c8d01156b7_Foodgrain%20Bulletin%20fot%20November,%202024.pdf","FCI covered storage (owned+hired), avg capacity Nov-2024"
Andaman & Nicobar,hired_private,0.0,2024-11-30,"https://dfpd.gov.in/WriteReadData/FoodBulletinUploadDocuments/8e0ba45f-affc-4309-8a2d-f6c8d01156b7_Foodgrain%20Bulletin%20fot%20November,%202024.pdf","FCI covered storage (owned+hired), avg capacity Nov-2024"
Telangana,FCI_owned,6.68,2024-11-30,"https://dfpd.gov.in/WriteReadData/FoodBulletinUploadDocuments/8e0ba45f-affc-4309-8a2d-f6c8d01156b7_Foodgrain%20Bulletin%20fot%20November,%202024.pdf","FCI covered storage (owned+hired), avg capacity Nov-2024"
Telangana,FCI_owned_silo,0.0,2024-11-30,"https://dfpd.gov.in/WriteReadData/FoodBulletinUploadDocuments/8e0ba45f-affc-4309-8a2d-f6c8d01156b7_Foodgrain%20Bulletin%20fot%20November,%202024.pdf","FCI covered storage (owned+hired), avg capacity Nov-2024"
Telangana,hired_state_govt,0.0,2024-11-30,"https://dfpd.gov.in/WriteReadData/FoodBulletinUploadDocuments/8e0ba45f-affc-4309-8a2d-f6c8d01156b7_Foodgrain%20Bulletin%20fot%20November,%202024.pdf","FCI covered storage (owned+hired), avg capacity Nov-2024"
Telangana,hired_CWC,1.73,2024-11-30,"https://dfpd.gov.in/WriteReadData/FoodBulletinUploadDocuments/8e0ba45f-affc-4309-8a2d-f6c8d01156b7_Foodgrain%20Bulletin%20fot%20November,%202024.pdf","FCI covered storage (owned+hired), avg capacity Nov-2024"
Telangana,hired_SWC,6.95,2024-11-30,"https://dfpd.gov.in/WriteReadData/FoodBulletinUploadDocuments/8e0ba45f-affc-4309-8a2d-f6c8d01156b7_Foodgrain%20Bulletin%20fot%20November,%202024.pdf","FCI covered storage (owned+hired), avg capacity Nov-2024"
Telangana,hired_PEG,0.5,2024-11-30,"https://dfpd.gov.in/WriteReadData/FoodBulletinUploadDocuments/8e0ba45f-affc-4309-8a2d-f6c8d01156b7_Foodgrain%20Bulletin%20fot%20November,%202024.pdf","FCI covered storage (owned+hired), avg capacity Nov-2024"
Telangana,hired_PWS2010,4.54,2024-11-30,"https://dfpd.gov.in/WriteReadData/FoodBulletinUploadDocuments/8e0ba45f-affc-4309-8a2d-f6c8d01156b7_Foodgrain%20Bulletin%20fot%20November,%202024.pdf","FCI covered storage (owned+hired), avg capacity Nov-2024"
Telangana,hired_silo,0.0,2024-11-30,"https://dfpd.gov.in/WriteReadData/FoodBulletinUploadDocuments/8e0ba45f-affc-4309-8a2d-f6c8d01156b7_Foodgrain%20Bulletin%20fot%20November,%202024.pdf","FCI covered storage (owned+hired), avg capacity Nov-2024"
Telangana,hired_private,0.0,2024-11-30,"https://dfpd.gov.in/WriteReadData/FoodBulletinUploadDocuments/8e0ba45f-affc-4309-8a2d-f6c8d01156b7_Foodgrain%20Bulletin%20fot%20November,%202024.pdf","FCI covered storage (owned+hired), avg capacity Nov-2024"
Kerala,FCI_owned,5.89,2024-11-30,"https://dfpd.gov.in/WriteReadData/FoodBulletinUploadDocuments/8e0ba45f-affc-4309-8a2d-f6c8d01156b7_Foodgrain%20Bulletin%20fot%20November,%202024.pdf","FCI covered storage (owned+hired), avg capacity Nov-2024"
Kerala,FCI_owned_silo,0.0,2024-11-30,"https://dfpd.gov.in/WriteReadData/FoodBulletinUploadDocuments/8e0ba45f-affc-4309-8a2d-f6c8d01156b7_Foodgrain%20Bulletin%20fot%20November,%202024.pdf","FCI covered storage (owned+hired), avg capacity Nov-2024"
Kerala,hired_state_govt,0.0,2024-11-30,"https://dfpd.gov.in/WriteReadData/FoodBulletinUploadDocuments/8e0ba45f-affc-4309-8a2d-f6c8d01156b7_Foodgrain%20Bulletin%20fot%20November,%202024.pdf","FCI covered storage (owned+hired), avg capacity Nov-2024"
Kerala,hired_CWC,0.06,2024-11-30,"https://dfpd.gov.in/WriteReadData/FoodBulletinUploadDocuments/8e0ba45f-affc-4309-8a2d-f6c8d01156b7_Foodgrain%20Bulletin%20fot%20November,%202024.pdf","FCI covered storage (owned+hired), avg capacity Nov-2024"
Kerala,hired_SWC,0.0,2024-11-30,"https://dfpd.gov.in/WriteReadData/FoodBulletinUploadDocuments/8e0ba45f-affc-4309-8a2d-f6c8d01156b7_Foodgrain%20Bulletin%20fot%20November,%202024.pdf","FCI covered storage (owned+hired), avg capacity Nov-2024"
Kerala,hired_PEG,0.0,2024-11-30,"https://dfpd.gov.in/WriteReadData/FoodBulletinUploadDocuments/8e0ba45f-affc-4309-8a2d-f6c8d01156b7_Foodgrain%20Bulletin%20fot%20November,%202024.pdf","FCI covered storage (owned+hired), avg capacity Nov-2024"
Kerala,hired_PWS2010,0.0,2024-11-30,"https://dfpd.gov.in/WriteReadData/FoodBulletinUploadDocuments/8e0ba45f-affc-4309-8a2d-f6c8d01156b7_Foodgrain%20Bulletin%20fot%20November,%202024.pdf","FCI covered storage (owned+hired), avg capacity Nov-2024"
Kerala,hired_silo,0.0,2024-11-30,"https://dfpd.gov.in/WriteReadData/FoodBulletinUploadDocuments/8e0ba45f-affc-4309-8a2d-f6c8d01156b7_Foodgrain%20Bulletin%20fot%20November,%202024.pdf","FCI covered storage (owned+hired), avg capacity Nov-2024"
Kerala,hired_private,0.0,2024-11-30,"https://dfpd.gov.in/WriteReadData/FoodBulletinUploadDocuments/8e0ba45f-affc-4309-8a2d-f6c8d01156b7_Foodgrain%20Bulletin%20fot%20November,%202024.pdf","FCI covered storage (owned+hired), avg capacity Nov-2024"
Karnataka,FCI_owned,4.61,2024-11-30,"https://dfpd.gov.in/WriteReadData/FoodBulletinUploadDocuments/8e0ba45f-affc-4309-8a2d-f6c8d01156b7_Foodgrain%20Bulletin%20fot%20November,%202024.pdf","FCI covered storage (owned+hired), avg capacity Nov-2024"
Karnataka,FCI_owned_silo,0.0,2024-11-30,"https://dfpd.gov.in/WriteReadData/FoodBulletinUploadDocuments/8e0ba45f-affc-4309-8a2d-f6c8d01156b7_Foodgrain%20Bulletin%20fot%20November,%202024.pdf","FCI covered storage (owned+hired), avg capacity Nov-2024"
Karnataka,hired_state_govt,0.0,2024-11-30,"https://dfpd.gov.in/WriteReadData/FoodBulletinUploadDocuments/8e0ba45f-affc-4309-8a2d-f6c8d01156b7_Foodgrain%20Bulletin%20fot%20November,%202024.pdf","FCI covered storage (owned+hired), avg capacity Nov-2024"
Karnataka,hired_CWC,1.41,2024-11-30,"https://dfpd.gov.in/WriteReadData/FoodBulletinUploadDocuments/8e0ba45f-affc-4309-8a2d-f6c8d01156b7_Foodgrain%20Bulletin%20fot%20November,%202024.pdf","FCI covered storage (owned+hired), avg capacity Nov-2024"
Karnataka,hired_SWC,2.39,2024-11-30,"https://dfpd.gov.in/WriteReadData/FoodBulletinUploadDocuments/8e0ba45f-affc-4309-8a2d-f6c8d01156b7_Foodgrain%20Bulletin%20fot%20November,%202024.pdf","FCI covered storage (owned+hired), avg capacity Nov-2024"
Karnataka,hired_PEG,0.72,2024-11-30,"https://dfpd.gov.in/WriteReadData/FoodBulletinUploadDocuments/8e0ba45f-affc-4309-8a2d-f6c8d01156b7_Foodgrain%20Bulletin%20fot%20November,%202024.pdf","FCI covered storage (owned+hired), avg capacity Nov-2024"
Karnataka,hired_PWS2010,0.28,2024-11-30,"https://dfpd.gov.in/WriteReadData/FoodBulletinUploadDocuments/8e0ba45f-affc-4309-8a2d-f6c8d01156b7_Foodgrain%20Bulletin%20fot%20November,%202024.pdf","FCI covered storage (owned+hired), avg capacity Nov-2024"
Karnataka,hired_silo,0.25,2024-11-30,"https://dfpd.gov.in/WriteReadData/FoodBulletinUploadDocuments/8e0ba45f-affc-4309-8a2d-f6c8d01156b7_Foodgrain%20Bulletin%20fot%20November,%202024.pdf","FCI covered storage (owned+hired), avg capacity Nov-2024"
Karnataka,hired_private,0.0,2024-11-30,"https://dfpd.gov.in/WriteReadData/FoodBulletinUploadDocuments/8e0ba45f-affc-4309-8a2d-f6c8d01156b7_Foodgrain%20Bulletin%20fot%20November,%202024.pdf","FCI covered storage (owned+hired), avg capacity Nov-2024"
Lakshadweep,FCI_owned,0.03,2024-11-30,"https://dfpd.gov.in/WriteReadData/FoodBulletinUploadDocuments/8e0ba45f-affc-4309-8a2d-f6c8d01156b7_Foodgrain%20Bulletin%20fot%20November,%202024.pdf","FCI covered storage (owned+hired), avg capacity Nov-2024"
Lakshadweep,FCI_owned_silo,0.0,2024-11-30,"https://dfpd.gov.in/WriteReadData/FoodBulletinUploadDocuments/8e0ba45f-affc-4309-8a2d-f6c8d01156b7_Foodgrain%20Bulletin%20fot%20November,%202024.pdf","FCI covered storage (owned+hired), avg capacity Nov-2024"
Lakshadweep,hired_state_govt,0.0,2024-11-30,"https://dfpd.gov.in/WriteReadData/FoodBulletinUploadDocuments/8e0ba45f-affc-4309-8a2d-f6c8d01156b7_Foodgrain%20Bulletin%20fot%20November,%202024.pdf","FCI covered storage (owned+hired), avg capacity Nov-2024"
Lakshadweep,hired_CWC,0.0,2024-11-30,"https://dfpd.gov.in/WriteReadData/FoodBulletinUploadDocuments/8e0ba45f-affc-4309-8a2d-f6c8d01156b7_Foodgrain%20Bulletin%20fot%20November,%202024.pdf","FCI covered storage (owned+hired), avg capacity Nov-2024"
Lakshadweep,hired_SWC,0.0,2024-11-30,"https://dfpd.gov.in/WriteReadData/FoodBulletinUploadDocuments/8e0ba45f-affc-4309-8a2d-f6c8d01156b7_Foodgrain%20Bulletin%20fot%20November,%202024.pdf","FCI covered storage (owned+hired), avg capacity Nov-2024"
Lakshadweep,hired_PEG,0.0,2024-11-30,"https://dfpd.gov.in/WriteReadData/FoodBulletinUploadDocuments/8e0ba45f-affc-4309-8a2d-f6c8d01156b7_Foodgrain%20Bulletin%20fot%20November,%202024.pdf","FCI covered storage (owned+hired), avg capacity Nov-2024"
Lakshadweep,hired_PWS2010,0.0,2024-11-30,"https://dfpd.gov.in/WriteReadData/FoodBulletinUploadDocuments/8e0ba45f-affc-4309-8a2d-f6c8d01156b7_Foodgrain%20Bulletin%20fot%20November,%202024.pdf","FCI covered storage (owned+hired), avg capacity Nov-2024"
Lakshadweep,hired_silo,0.0,2024-11-30,"https://dfpd.gov.in/WriteReadData/FoodBulletinUploadDocuments/8e0ba45f-affc-4309-8a2d-f6c8d01156b7_Foodgrain%20Bulletin%20fot%20November,%202024.pdf","FCI covered storage (owned+hired), avg capacity Nov-2024"
Lakshadweep,hired_private,0.0,2024-11-30,"https://dfpd.gov.in/WriteReadData/FoodBulletinUploadDocuments/8e0ba45f-affc-4309-8a2d-f6c8d01156b7_Foodgrain%20Bulletin%20fot%20November,%202024.pdf","FCI covered storage (owned+hired), avg capacity Nov-2024"
Tamil Nadu,FCI_owned,6.46,2024-11-30,"https://dfpd.gov.in/WriteReadData/FoodBulletinUploadDocuments/8e0ba45f-affc-4309-8a2d-f6c8d01156b7_Foodgrain%20Bulletin%20fot%20November,%202024.pdf","FCI covered storage (owned+hired), avg capacity Nov-2024"
Tamil Nadu,FCI_owned_silo,0.0,2024-11-30,"https://dfpd.gov.in/WriteReadData/FoodBulletinUploadDocuments/8e0ba45f-affc-4309-8a2d-f6c8d01156b7_Foodgrain%20Bulletin%20fot%20November,%202024.pdf","FCI covered storage (owned+hired), avg capacity Nov-2024"
Tamil Nadu,hired_state_govt,0.0,2024-11-30,"https://dfpd.gov.in/WriteReadData/FoodBulletinUploadDocuments/8e0ba45f-affc-4309-8a2d-f6c8d01156b7_Foodgrain%20Bulletin%20fot%20November,%202024.pdf","FCI covered storage (owned+hired), avg capacity Nov-2024"
Tamil Nadu,hired_CWC,2.62,2024-11-30,"https://dfpd.gov.in/WriteReadData/FoodBulletinUploadDocuments/8e0ba45f-affc-4309-8a2d-f6c8d01156b7_Foodgrain%20Bulletin%20fot%20November,%202024.pdf","FCI covered storage (owned+hired), avg capacity Nov-2024"
Tamil Nadu,hired_SWC,2.09,2024-11-30,"https://dfpd.gov.in/WriteReadData/FoodBulletinUploadDocuments/8e0ba45f-affc-4309-8a2d-f6c8d01156b7_Foodgrain%20Bulletin%20fot%20November,%202024.pdf","FCI covered storage (owned+hired), avg capacity Nov-2024"
Tamil Nadu,hired_PEG,0.34,2024-11-30,"https://dfpd.gov.in/WriteReadData/FoodBulletinUploadDocuments/8e0ba45f-affc-4309-8a2d-f6c8d01156b7_Foodgrain%20Bulletin%20fot%20November,%202024.pdf","FCI covered storage (owned+hired), avg capacity Nov-2024"
Tamil Nadu,hired_PWS2010,0.0,2024-11-30,"https://dfpd.gov.in/WriteReadData/FoodBulletinUploadDocuments/8e0ba45f-affc-4309-8a2d-f6c8d01156b7_Foodgrain%20Bulletin%20fot%20November,%202024.pdf","FCI covered storage (owned+hired), avg capacity Nov-2024"
Tamil Nadu,hired_silo,0.5,2024-11-30,"https://dfpd.gov.in/WriteReadData/FoodBulletinUploadDocuments/8e0ba45f-affc-4309-8a2d-f6c8d01156b7_Foodgrain%20Bulletin%20fot%20November,%202024.pdf","FCI covered storage (owned+hired), avg capacity Nov-2024"
Tamil Nadu,hired_private,0.0,2024-11-30,"https://dfpd.gov.in/WriteReadData/FoodBulletinUploadDocuments/8e0ba45f-affc-4309-8a2d-f6c8d01156b7_Foodgrain%20Bulletin%20fot%20November,%202024.pdf","FCI covered storage (owned+hired), avg capacity Nov-2024"
Puducherry,FCI_owned,0.51,2024-11-30,"https://dfpd.gov.in/WriteReadData/FoodBulletinUploadDocuments/8e0ba45f-affc-4309-8a2d-f6c8d01156b7_Foodgrain%20Bulletin%20fot%20November,%202024.pdf","FCI covered storage (owned+hired), avg capacity Nov-2024"
Puducherry,FCI_owned_silo,0.0,2024-11-30,"https://dfpd.gov.in/WriteReadData/FoodBulletinUploadDocuments/8e0ba45f-affc-4309-8a2d-f6c8d01156b7_Foodgrain%20Bulletin%20fot%20November,%202024.pdf","FCI covered storage (owned+hired), avg capacity Nov-2024"
Puducherry,hired_state_govt,0.0,2024-11-30,"https://dfpd.gov.in/WriteReadData/FoodBulletinUploadDocuments/8e0ba45f-affc-4309-8a2d-f6c8d01156b7_Foodgrain%20Bulletin%20fot%20November,%202024.pdf","FCI covered storage (owned+hired), avg capacity Nov-2024"
Puducherry,hired_CWC,0.0,2024-11-30,"https://dfpd.gov.in/WriteReadData/FoodBulletinUploadDocuments/8e0ba45f-affc-4309-8a2d-f6c8d01156b7_Foodgrain%20Bulletin%20fot%20November,%202024.pdf","FCI covered storage (owned+hired), avg capacity Nov-2024"
Puducherry,hired_SWC,0.0,2024-11-30,"https://dfpd.gov.in/WriteReadData/FoodBulletinUploadDocuments/8e0ba45f-affc-4309-8a2d-f6c8d01156b7_Foodgrain%20Bulletin%20fot%20November,%202024.pdf","FCI covered storage (owned+hired), avg capacity Nov-2024"
Puducherry,hired_PEG,0.0,2024-11-30,"https://dfpd.gov.in/WriteReadData/FoodBulletinUploadDocuments/8e0ba45f-affc-4309-8a2d-f6c8d01156b7_Foodgrain%20Bulletin%20fot%20November,%202024.pdf","FCI covered storage (owned+hired), avg capacity Nov-2024"
Puducherry,hired_PWS2010,0.0,2024-11-30,"https://dfpd.gov.in/WriteReadData/FoodBulletinUploadDocuments/8e0ba45f-affc-4309-8a2d-f6c8d01156b7_Foodgrain%20Bulletin%20fot%20November,%202024.pdf","FCI covered storage (owned+hired), avg capacity Nov-2024"
Puducherry,hired_silo,0.0,2024-11-30,"https://dfpd.gov.in/WriteReadData/FoodBulletinUploadDocuments/8e0ba45f-affc-4309-8a2d-f6c8d01156b7_Foodgrain%20Bulletin%20fot%20November,%202024.pdf","FCI covered storage (owned+hired), avg capacity Nov-2024"
Puducherry,hired_private,0.0,2024-11-30,"https://dfpd.gov.in/WriteReadData/FoodBulletinUploadDocuments/8e0ba45f-affc-4309-8a2d-f6c8d01156b7_Foodgrain%20Bulletin%20fot%20November,%202024.pdf","FCI covered storage (owned+hired), avg capacity Nov-2024"
Gujarat,FCI_owned,4.93,2024-11-30,"https://dfpd.gov.in/WriteReadData/FoodBulletinUploadDocuments/8e0ba45f-affc-4309-8a2d-f6c8d01156b7_Foodgrain%20Bulletin%20fot%20November,%202024.pdf","FCI covered storage (owned+hired), avg capacity Nov-2024"
Gujarat,FCI_owned_silo,0.0,2024-11-30,"https://dfpd.gov.in/WriteReadData/FoodBulletinUploadDocuments/8e0ba45f-affc-4309-8a2d-f6c8d01156b7_Foodgrain%20Bulletin%20fot%20November,%202024.pdf","FCI covered storage (owned+hired), avg capacity Nov-2024"
Gujarat,hired_state_govt,0.12,2024-11-30,"https://dfpd.gov.in/WriteReadData/FoodBulletinUploadDocuments/8e0ba45f-affc-4309-8a2d-f6c8d01156b7_Foodgrain%20Bulletin%20fot%20November,%202024.pdf","FCI covered storage (owned+hired), avg capacity Nov-2024"
Gujarat,hired_CWC,1.28,2024-11-30,"https://dfpd.gov.in/WriteReadData/FoodBulletinUploadDocuments/8e0ba45f-affc-4309-8a2d-f6c8d01156b7_Foodgrain%20Bulletin%20fot%20November,%202024.pdf","FCI covered storage (owned+hired), avg capacity Nov-2024"
Gujarat,hired_SWC,0.0,2024-11-30,"https://dfpd.gov.in/WriteReadData/FoodBulletinUploadDocuments/8e0ba45f-affc-4309-8a2d-f6c8d01156b7_Foodgrain%20Bulletin%20fot%20November,%202024.pdf","FCI covered storage (owned+hired), avg capacity Nov-2024"
Gujarat,hired_PEG,0.0,2024-11-30,"https://dfpd.gov.in/WriteReadData/FoodBulletinUploadDocuments/8e0ba45f-affc-4309-8a2d-f6c8d01156b7_Foodgrain%20Bulletin%20fot%20November,%202024.pdf","FCI covered storage (owned+hired), avg capacity Nov-2024"
Gujarat,hired_PWS2010,1.41,2024-11-30,"https://dfpd.gov.in/WriteReadData/FoodBulletinUploadDocuments/8e0ba45f-affc-4309-8a2d-f6c8d01156b7_Foodgrain%20Bulletin%20fot%20November,%202024.pdf","FCI covered storage (owned+hired), avg capacity Nov-2024"
Gujarat,hired_silo,1.5,2024-11-30,"https://dfpd.gov.in/WriteReadData/FoodBulletinUploadDocuments/8e0ba45f-affc-4309-8a2d-f6c8d01156b7_Foodgrain%20Bulletin%20fot%20November,%202024.pdf","FCI covered storage (owned+hired), avg capacity Nov-2024"
Gujarat,hired_private,0.0,2024-11-30,"https://dfpd.gov.in/WriteReadData/FoodBulletinUploadDocuments/8e0ba45f-affc-4309-8a2d-f6c8d01156b7_Foodgrain%20Bulletin%20fot%20November,%202024.pdf","FCI covered storage (owned+hired), avg capacity Nov-2024"
D&NH and D&D,FCI_owned,0.0,2024-11-30,"https://dfpd.gov.in/WriteReadData/FoodBulletinUploadDocuments/8e0ba45f-affc-4309-8a2d-f6c8d01156b7_Foodgrain%20Bulletin%20fot%20November,%202024.pdf","FCI covered storage (owned+hired), avg capacity Nov-2024"
D&NH and D&D,FCI_owned_silo,0.0,2024-11-30,"https://dfpd.gov.in/WriteReadData/FoodBulletinUploadDocuments/8e0ba45f-affc-4309-8a2d-f6c8d01156b7_Foodgrain%20Bulletin%20fot%20November,%202024.pdf","FCI covered storage (owned+hired), avg capacity Nov-2024"
D&NH and D&D,hired_state_govt,0.0,2024-11-30,"https://dfpd.gov.in/WriteReadData/FoodBulletinUploadDocuments/8e0ba45f-affc-4309-8a2d-f6c8d01156b7_Foodgrain%20Bulletin%20fot%20November,%202024.pdf","FCI covered storage (owned+hired), avg capacity Nov-2024"
D&NH and D&D,hired_CWC,0.0,2024-11-30,"https://dfpd.gov.in/WriteReadData/FoodBulletinUploadDocuments/8e0ba45f-affc-4309-8a2d-f6c8d01156b7_Foodgrain%20Bulletin%20fot%20November,%202024.pdf","FCI covered storage (owned+hired), avg capacity Nov-2024"
D&NH and D&D,hired_SWC,0.0,2024-11-30,"https://dfpd.gov.in/WriteReadData/FoodBulletinUploadDocuments/8e0ba45f-affc-4309-8a2d-f6c8d01156b7_Foodgrain%20Bulletin%20fot%20November,%202024.pdf","FCI covered storage (owned+hired), avg capacity Nov-2024"
D&NH and D&D,hired_PEG,0.0,2024-11-30,"https://dfpd.gov.in/WriteReadData/FoodBulletinUploadDocuments/8e0ba45f-affc-4309-8a2d-f6c8d01156b7_Foodgrain%20Bulletin%20fot%20November,%202024.pdf","FCI covered storage (owned+hired), avg capacity Nov-2024"
D&NH and D&D,hired_PWS2010,0.0,2024-11-30,"https://dfpd.gov.in/WriteReadData/FoodBulletinUploadDocuments/8e0ba45f-affc-4309-8a2d-f6c8d01156b7_Foodgrain%20Bulletin%20fot%20November,%202024.pdf","FCI covered storage (owned+hired), avg capacity Nov-2024"
D&NH and D&D,hired_silo,0.0,2024-11-30,"https://dfpd.gov.in/WriteReadData/FoodBulletinUploadDocuments/8e0ba45f-affc-4309-8a2d-f6c8d01156b7_Foodgrain%20Bulletin%20fot%20November,%202024.pdf","FCI covered storage (owned+hired), avg capacity Nov-2024"
D&NH and D&D,hired_private,0.0,2024-11-30,"https://dfpd.gov.in/WriteReadData/FoodBulletinUploadDocuments/8e0ba45f-affc-4309-8a2d-f6c8d01156b7_Foodgrain%20Bulletin%20fot%20November,%202024.pdf","FCI covered storage (owned+hired), avg capacity Nov-2024"
Maharashtra,FCI_owned,9.23,2024-11-30,"https://dfpd.gov.in/WriteReadData/FoodBulletinUploadDocuments/8e0ba45f-affc-4309-8a2d-f6c8d01156b7_Foodgrain%20Bulletin%20fot%20November,%202024.pdf","FCI covered storage (owned+hired), avg capacity Nov-2024"
Maharashtra,FCI_owned_silo,0.0,2024-11-30,"https://dfpd.gov.in/WriteReadData/FoodBulletinUploadDocuments/8e0ba45f-affc-4309-8a2d-f6c8d01156b7_Foodgrain%20Bulletin%20fot%20November,%202024.pdf","FCI covered storage (owned+hired), avg capacity Nov-2024"
Maharashtra,hired_state_govt,0.0,2024-11-30,"https://dfpd.gov.in/WriteReadData/FoodBulletinUploadDocuments/8e0ba45f-affc-4309-8a2d-f6c8d01156b7_Foodgrain%20Bulletin%20fot%20November,%202024.pdf","FCI covered storage (owned+hired), avg capacity Nov-2024"
Maharashtra,hired_CWC,1.5,2024-11-30,"https://dfpd.gov.in/WriteReadData/FoodBulletinUploadDocuments/8e0ba45f-affc-4309-8a2d-f6c8d01156b7_Foodgrain%20Bulletin%20fot%20November,%202024.pdf","FCI covered storage (owned+hired), avg capacity Nov-2024"
Maharashtra,hired_SWC,3.51,2024-11-30,"https://dfpd.gov.in/WriteReadData/FoodBulletinUploadDocuments/8e0ba45f-affc-4309-8a2d-f6c8d01156b7_Foodgrain%20Bulletin%20fot%20November,%202024.pdf","FCI covered storage (owned+hired), avg capacity Nov-2024"
Maharashtra,hired_PEG,0.0,2024-11-30,"https://dfpd.gov.in/WriteReadData/FoodBulletinUploadDocuments/8e0ba45f-affc-4309-8a2d-f6c8d01156b7_Foodgrain%20Bulletin%20fot%20November,%202024.pdf","FCI covered storage (owned+hired), avg capacity Nov-2024"
Maharashtra,hired_PWS2010,2.58,2024-11-30,"https://dfpd.gov.in/WriteReadData/FoodBulletinUploadDocuments/8e0ba45f-affc-4309-8a2d-f6c8d01156b7_Foodgrain%20Bulletin%20fot%20November,%202024.pdf","FCI covered storage (owned+hired), avg capacity Nov-2024"
Maharashtra,hired_silo,0.5,2024-11-30,"https://dfpd.gov.in/WriteReadData/FoodBulletinUploadDocuments/8e0ba45f-affc-4309-8a2d-f6c8d01156b7_Foodgrain%20Bulletin%20fot%20November,%202024.pdf","FCI covered storage (owned+hired), avg capacity Nov-2024"
Maharashtra,hired_private,0.0,2024-11-30,"https://dfpd.gov.in/WriteReadData/FoodBulletinUploadDocuments/8e0ba45f-affc-4309-8a2d-f6c8d01156b7_Foodgrain%20Bulletin%20fot%20November,%202024.pdf","FCI covered storage (owned+hired), avg capacity Nov-2024"
Goa,FCI_owned,0.19,2024-11-30,"https://dfpd.gov.in/WriteReadData/FoodBulletinUploadDocuments/8e0ba45f-affc-4309-8a2d-f6c8d01156b7_Foodgrain%20Bulletin%20fot%20November,%202024.pdf","FCI covered storage (owned+hired), avg capacity Nov-2024"
Goa,FCI_owned_silo,0.0,2024-11-30,"https://dfpd.gov.in/WriteReadData/FoodBulletinUploadDocuments/8e0ba45f-affc-4309-8a2d-f6c8d01156b7_Foodgrain%20Bulletin%20fot%20November,%202024.pdf","FCI covered storage (owned+hired), avg capacity Nov-2024"
Goa,hired_state_govt,0.0,2024-11-30,"https://dfpd.gov.in/WriteReadData/FoodBulletinUploadDocuments/8e0ba45f-affc-4309-8a2d-f6c8d01156b7_Foodgrain%20Bulletin%20fot%20November,%202024.pdf","FCI covered storage (owned+hired), avg capacity Nov-2024"
Goa,hired_CWC,0.0,2024-11-30,"https://dfpd.gov.in/WriteReadData/FoodBulletinUploadDocuments/8e0ba45f-affc-4309-8a2d-f6c8d01156b7_Foodgrain%20Bulletin%20fot%20November,%202024.pdf","FCI covered storage (owned+hired), avg capacity Nov-2024"
Goa,hired_SWC,0.0,2024-11-30,"https://dfpd.gov.in/WriteReadData/FoodBulletinUploadDocuments/8e0ba45f-affc-4309-8a2d-f6c8d01156b7_Foodgrain%20Bulletin%20fot%20November,%202024.pdf","FCI covered storage (owned+hired), avg capacity Nov-2024"
Goa,hired_PEG,0.0,2024-11-30,"https://dfpd.gov.in/WriteReadData/FoodBulletinUploadDocuments/8e0ba45f-affc-4309-8a2d-f6c8d01156b7_Foodgrain%20Bulletin%20fot%20November,%202024.pdf","FCI covered storage (owned+hired), avg capacity Nov-2024"
Goa,hired_PWS2010,0.0,2024-11-30,"https://dfpd.gov.in/WriteReadData/FoodBulletinUploadDocuments/8e0ba45f-affc-4309-8a2d-f6c8d01156b7_Foodgrain%20Bulletin%20fot%20November,%202024.pdf","FCI covered storage (owned+hired), avg capacity Nov-2024"
Goa,hired_silo,0.0,2024-11-30,"https://dfpd.gov.in/WriteReadData/FoodBulletinUploadDocuments/8e0ba45f-affc-4309-8a2d-f6c8d01156b7_Foodgrain%20Bulletin%20fot%20November,%202024.pdf","FCI covered storage (owned+hired), avg capacity Nov-2024"
Goa,hired_private,0.0,2024-11-30,"https://dfpd.gov.in/WriteReadData/FoodBulletinUploadDocuments/8e0ba45f-affc-4309-8a2d-f6c8d01156b7_Foodgrain%20Bulletin%20fot%20November,%202024.pdf","FCI covered storage (owned+hired), avg capacity Nov-2024"
Madhya Pradesh,FCI_owned,4.18,2024-11-30,"https://dfpd.gov.in/WriteReadData/FoodBulletinUploadDocuments/8e0ba45f-affc-4309-8a2d-f6c8d01156b7_Foodgrain%20Bulletin%20fot%20November,%202024.pdf","FCI covered storage (owned+hired), avg capacity Nov-2024"
Madhya Pradesh,FCI_owned_silo,0.0,2024-11-30,"https://dfpd.gov.in/WriteReadData/FoodBulletinUploadDocuments/8e0ba45f-affc-4309-8a2d-f6c8d01156b7_Foodgrain%20Bulletin%20fot%20November,%202024.pdf","FCI covered storage (owned+hired), avg capacity Nov-2024"
Madhya Pradesh,hired_state_govt,0.0,2024-11-30,"https://dfpd.gov.in/WriteReadData/FoodBulletinUploadDocuments/8e0ba45f-affc-4309-8a2d-f6c8d01156b7_Foodgrain%20Bulletin%20fot%20November,%202024.pdf","FCI covered storage (owned+hired), avg capacity Nov-2024"
Madhya Pradesh,hired_CWC,0.0,2024-11-30,"https://dfpd.gov.in/WriteReadData/FoodBulletinUploadDocuments/8e0ba45f-affc-4309-8a2d-f6c8d01156b7_Foodgrain%20Bulletin%20fot%20November,%202024.pdf","FCI covered storage (owned+hired), avg capacity Nov-2024"
Madhya Pradesh,hired_SWC,6.95,2024-11-30,"https://dfpd.gov.in/WriteReadData/FoodBulletinUploadDocuments/8e0ba45f-affc-4309-8a2d-f6c8d01156b7_Foodgrain%20Bulletin%20fot%20November,%202024.pdf","FCI covered storage (owned+hired), avg capacity Nov-2024"
Madhya Pradesh,hired_PEG,0.0,2024-11-30,"https://dfpd.gov.in/WriteReadData/FoodBulletinUploadDocuments/8e0ba45f-affc-4309-8a2d-f6c8d01156b7_Foodgrain%20Bulletin%20fot%20November,%202024.pdf","FCI covered storage (owned+hired), avg capacity Nov-2024"
Madhya Pradesh,hired_PWS2010,0.13,2024-11-30,"https://dfpd.gov.in/WriteReadData/FoodBulletinUploadDocuments/8e0ba45f-affc-4309-8a2d-f6c8d01156b7_Foodgrain%20Bulletin%20fot%20November,%202024.pdf","FCI covered storage (owned+hired), avg capacity Nov-2024"
Madhya Pradesh,hired_silo,0.0,2024-11-30,"https://dfpd.gov.in/WriteReadData/FoodBulletinUploadDocuments/8e0ba45f-affc-4309-8a2d-f6c8d01156b7_Foodgrain%20Bulletin%20fot%20November,%202024.pdf","FCI covered storage (owned+hired), avg capacity Nov-2024"
Madhya Pradesh,hired_private,0.0,2024-11-30,"https://dfpd.gov.in/WriteReadData/FoodBulletinUploadDocuments/8e0ba45f-affc-4309-8a2d-f6c8d01156b7_Foodgrain%20Bulletin%20fot%20November,%202024.pdf","FCI covered storage (owned+hired), avg capacity Nov-2024"
Chhattisgarh,FCI_owned,6.32,2024-11-30,"https://dfpd.gov.in/WriteReadData/FoodBulletinUploadDocuments/8e0ba45f-affc-4309-8a2d-f6c8d01156b7_Foodgrain%20Bulletin%20fot%20November,%202024.pdf","FCI covered storage (owned+hired), avg capacity Nov-2024"
Chhattisgarh,FCI_owned_silo,0.0,2024-11-30,"https://dfpd.gov.in/WriteReadData/FoodBulletinUploadDocuments/8e0ba45f-affc-4309-8a2d-f6c8d01156b7_Foodgrain%20Bulletin%20fot%20November,%202024.pdf","FCI covered storage (owned+hired), avg capacity Nov-2024"
Chhattisgarh,hired_state_govt,0.52,2024-11-30,"https://dfpd.gov.in/WriteReadData/FoodBulletinUploadDocuments/8e0ba45f-affc-4309-8a2d-f6c8d01156b7_Foodgrain%20Bulletin%20fot%20November,%202024.pdf","FCI covered storage (owned+hired), avg capacity Nov-2024"
Chhattisgarh,hired_CWC,1.78,2024-11-30,"https://dfpd.gov.in/WriteReadData/FoodBulletinUploadDocuments/8e0ba45f-affc-4309-8a2d-f6c8d01156b7_Foodgrain%20Bulletin%20fot%20November,%202024.pdf","FCI covered storage (owned+hired), avg capacity Nov-2024"
Chhattisgarh,hired_SWC,9.96,2024-11-30,"https://dfpd.gov.in/WriteReadData/FoodBulletinUploadDocuments/8e0ba45f-affc-4309-8a2d-f6c8d01156b7_Foodgrain%20Bulletin%20fot%20November,%202024.pdf","FCI covered storage (owned+hired), avg capacity Nov-2024"
Chhattisgarh,hired_PEG,0.25,2024-11-30,"https://dfpd.gov.in/WriteReadData/FoodBulletinUploadDocuments/8e0ba45f-affc-4309-8a2d-f6c8d01156b7_Foodgrain%20Bulletin%20fot%20November,%202024.pdf","FCI covered storage (owned+hired), avg capacity Nov-2024"
Chhattisgarh,hired_PWS2010,0.23,2024-11-30,"https://dfpd.gov.in/WriteReadData/FoodBulletinUploadDocuments/8e0ba45f-affc-4309-8a2d-f6c8d01156b7_Foodgrain%20Bulletin%20fot%20November,%202024.pdf","FCI covered storage (owned+hired), avg capacity Nov-2024"
Chhattisgarh,hired_silo,0.0,2024-11-30,"https://dfpd.gov.in/WriteReadData/FoodBulletinUploadDocuments/8e0ba45f-affc-4309-8a2d-f6c8d01156b7_Foodgrain%20Bulletin%20fot%20November,%202024.pdf","FCI covered storage (owned+hired), avg capacity Nov-2024"
Chhattisgarh,hired_private,0.0,2024-11-30,"https://dfpd.gov.in/WriteReadData/FoodBulletinUploadDocuments/8e0ba45f-affc-4309-8a2d-f6c8d01156b7_Foodgrain%20Bulletin%20fot%20November,%202024.pdf","FCI covered storage (owned+hired), avg capacity Nov-2024"
Bihar,state_agencies_incl_SWC,10.13,2024-11-30,"https://dfpd.gov.in/WriteReadData/FoodBulletinUploadDocuments/8e0ba45f-affc-4309-8a2d-f6c8d01156b7_Foodgrain%20Bulletin%20fot%20November,%202024.pdf",capacity with state agencies (excl. capacity given to FCI)
Jharkhand,state_agencies_incl_SWC,1.78,2024-11-30,"https://dfpd.gov.in/WriteReadData/FoodBulletinUploadDocuments/8e0ba45f-affc-4309-8a2d-f6c8d01156b7_Foodgrain%20Bulletin%20fot%20November,%202024.pdf",capacity with state agencies (excl. capacity given to FCI)
Odisha,state_agencies_incl_SWC,6.18,2024-11-30,"https://dfpd.gov.in/WriteReadData/FoodBulletinUploadDocuments/8e0ba45f-affc-4309-8a2d-f6c8d01156b7_Foodgrain%20Bulletin%20fot%20November,%202024.pdf",capacity with state agencies (excl. capacity given to FCI)
West Bengal,state_agencies_incl_SWC,9.66,2024-11-30,"https://dfpd.gov.in/WriteReadData/FoodBulletinUploadDocuments/8e0ba45f-affc-4309-8a2d-f6c8d01156b7_Foodgrain%20Bulletin%20fot%20November,%202024.pdf",capacity with state agencies (excl. capacity given to FCI)
Sikkim,state_agencies_incl_SWC,0.11,2024-11-30,"https://dfpd.gov.in/WriteReadData/FoodBulletinUploadDocuments/8e0ba45f-affc-4309-8a2d-f6c8d01156b7_Foodgrain%20Bulletin%20fot%20November,%202024.pdf",capacity with state agencies (excl. capacity given to FCI)
Assam,state_agencies_incl_SWC,0.0,2024-11-30,"https://dfpd.gov.in/WriteReadData/FoodBulletinUploadDocuments/8e0ba45f-affc-4309-8a2d-f6c8d01156b7_Foodgrain%20Bulletin%20fot%20November,%202024.pdf",capacity with state agencies (excl. capacity given to FCI)
Arunachal Pradesh,state_agencies_incl_SWC,0.0,2024-11-30,"https://dfpd.gov.in/WriteReadData/FoodBulletinUploadDocuments/8e0ba45f-affc-4309-8a2d-f6c8d01156b7_Foodgrain%20Bulletin%20fot%20November,%202024.pdf",capacity with state agencies (excl. capacity given to FCI)
Meghalaya,state_agencies_incl_SWC,0.0,2024-11-30,"https://dfpd.gov.in/WriteReadData/FoodBulletinUploadDocuments/8e0ba45f-affc-4309-8a2d-f6c8d01156b7_Foodgrain%20Bulletin%20fot%20November,%202024.pdf",capacity with state agencies (excl. capacity given to FCI)
Mizoram,state_agencies_incl_SWC,0.41,2024-11-30,"https://dfpd.gov.in/WriteReadData/FoodBulletinUploadDocuments/8e0ba45f-affc-4309-8a2d-f6c8d01156b7_Foodgrain%20Bulletin%20fot%20November,%202024.pdf",capacity with state agencies (excl. capacity given to FCI)
Tripura,state_agencies_incl_SWC,0.72,2024-11-30,"https://dfpd.gov.in/WriteReadData/FoodBulletinUploadDocuments/8e0ba45f-affc-4309-8a2d-f6c8d01156b7_Foodgrain%20Bulletin%20fot%20November,%202024.pdf",capacity with state agencies (excl. capacity given to FCI)
Manipur,state_agencies_incl_SWC,0.0,2024-11-30,"https://dfpd.gov.in/WriteReadData/FoodBulletinUploadDocuments/8e0ba45f-affc-4309-8a2d-f6c8d01156b7_Foodgrain%20Bulletin%20fot%20November,%202024.pdf",capacity with state agencies (excl. capacity given to FCI)
Nagaland,state_agencies_incl_SWC,0.08,2024-11-30,"https://dfpd.gov.in/WriteReadData/FoodBulletinUploadDocuments/8e0ba45f-affc-4309-8a2d-f6c8d01156b7_Foodgrain%20Bulletin%20fot%20November,%202024.pdf",capacity with state agencies (excl. capacity given to FCI)
Delhi,state_agencies_incl_SWC,0.0,2024-11-30,"https://dfpd.gov.in/WriteReadData/FoodBulletinUploadDocuments/8e0ba45f-affc-4309-8a2d-f6c8d01156b7_Foodgrain%20Bulletin%20fot%20November,%202024.pdf",capacity with state agencies (excl. capacity given to FCI)
Haryana,state_agencies_incl_SWC,44.95,2024-11-30,"https://dfpd.gov.in/WriteReadData/FoodBulletinUploadDocuments/8e0ba45f-affc-4309-8a2d-f6c8d01156b7_Foodgrain%20Bulletin%20fot%20November,%202024.pdf",capacity with state agencies (excl. capacity given to FCI)
Himachal Pradesh,state_agencies_incl_SWC,0.0,2024-11-30,"https://dfpd.gov.in/WriteReadData/FoodBulletinUploadDocuments/8e0ba45f-affc-4309-8a2d-f6c8d01156b7_Foodgrain%20Bulletin%20fot%20November,%202024.pdf",capacity with state agencies (excl. capacity given to FCI)
Jammu & Kashmir,state_agencies_incl_SWC,0.0,2024-11-30,"https://dfpd.gov.in/WriteReadData/FoodBulletinUploadDocuments/8e0ba45f-affc-4309-8a2d-f6c8d01156b7_Foodgrain%20Bulletin%20fot%20November,%202024.pdf",capacity with state agencies (excl. capacity given to FCI)
Ladakh,state_agencies_incl_SWC,0.0,2024-11-30,"https://dfpd.gov.in/WriteReadData/FoodBulletinUploadDocuments/8e0ba45f-affc-4309-8a2d-f6c8d01156b7_Foodgrain%20Bulletin%20fot%20November,%202024.pdf",capacity with state agencies (excl. capacity given to FCI)
Punjab,state_agencies_incl_SWC,48.62,2024-11-30,"https://dfpd.gov.in/WriteReadData/FoodBulletinUploadDocuments/8e0ba45f-affc-4309-8a2d-f6c8d01156b7_Foodgrain%20Bulletin%20fot%20November,%202024.pdf",capacity with state agencies (excl. capacity given to FCI)
Chandigarh,state_agencies_incl_SWC,0.0,2024-11-30,"https://dfpd.gov.in/WriteReadData/FoodBulletinUploadDocuments/8e0ba45f-affc-4309-8a2d-f6c8d01156b7_Foodgrain%20Bulletin%20fot%20November,%202024.pdf",capacity with state agencies (excl. capacity given to FCI)
Rajasthan,state_agencies_incl_SWC,0.0,2024-11-30,"https://dfpd.gov.in/WriteReadData/FoodBulletinUploadDocuments/8e0ba45f-affc-4309-8a2d-f6c8d01156b7_Foodgrain%20Bulletin%20fot%20November,%202024.pdf",capacity with state agencies (excl. capacity given to FCI)
Uttar Pradesh,state_agencies_incl_SWC,0.0,2024-11-30,"https://dfpd.gov.in/WriteReadData/FoodBulletinUploadDocuments/8e0ba45f-affc-4309-8a2d-f6c8d01156b7_Foodgrain%20Bulletin%20fot%20November,%202024.pdf",capacity with state agencies (excl. capacity given to FCI)
Uttarakhand,state_agencies_incl_SWC,1.62,2024-11-30,"https://dfpd.gov.in/WriteReadData/FoodBulletinUploadDocuments/8e0ba45f-affc-4309-8a2d-f6c8d01156b7_Foodgrain%20Bulletin%20fot%20November,%202024.pdf",capacity with state agencies (excl. capacity given to FCI)
Andhra Pradesh,state_agencies_incl_SWC,13.2,2024-11-30,"https://dfpd.gov.in/WriteReadData/FoodBulletinUploadDocuments/8e0ba45f-affc-4309-8a2d-f6c8d01156b7_Foodgrain%20Bulletin%20fot%20November,%202024.pdf",capacity with state agencies (excl. capacity given to FCI)
Andaman & Nicobar,state_agencies_incl_SWC,0.16,2024-11-30,"https://dfpd.gov.in/WriteReadData/FoodBulletinUploadDocuments/8e0ba45f-affc-4309-8a2d-f6c8d01156b7_Foodgrain%20Bulletin%20fot%20November,%202024.pdf",capacity with state agencies (excl. capacity given to FCI)
Telangana,state_agencies_incl_SWC,4.04,2024-11-30,"https://dfpd.gov.in/WriteReadData/FoodBulletinUploadDocuments/8e0ba45f-affc-4309-8a2d-f6c8d01156b7_Foodgrain%20Bulletin%20fot%20November,%202024.pdf",capacity with state agencies (excl. capacity given to FCI)
Kerala,state_agencies_incl_SWC,1.95,2024-11-30,"https://dfpd.gov.in/WriteReadData/FoodBulletinUploadDocuments/8e0ba45f-affc-4309-8a2d-f6c8d01156b7_Foodgrain%20Bulletin%20fot%20November,%202024.pdf",capacity with state agencies (excl. capacity given to FCI)
Karnataka,state_agencies_incl_SWC,0.0,2024-11-30,"https://dfpd.gov.in/WriteReadData/FoodBulletinUploadDocuments/8e0ba45f-affc-4309-8a2d-f6c8d01156b7_Foodgrain%20Bulletin%20fot%20November,%202024.pdf",capacity with state agencies (excl. capacity given to FCI)
Lakshadweep,state_agencies_incl_SWC,0.0,2024-11-30,"https://dfpd.gov.in/WriteReadData/FoodBulletinUploadDocuments/8e0ba45f-affc-4309-8a2d-f6c8d01156b7_Foodgrain%20Bulletin%20fot%20November,%202024.pdf",capacity with state agencies (excl. capacity given to FCI)
Tamil Nadu,state_agencies_incl_SWC,8.92,2024-11-30,"https://dfpd.gov.in/WriteReadData/FoodBulletinUploadDocuments/8e0ba45f-affc-4309-8a2d-f6c8d01156b7_Foodgrain%20Bulletin%20fot%20November,%202024.pdf",capacity with state agencies (excl. capacity given to FCI)
Puducherry,state_agencies_incl_SWC,0.0,2024-11-30,"https://dfpd.gov.in/WriteReadData/FoodBulletinUploadDocuments/8e0ba45f-affc-4309-8a2d-f6c8d01156b7_Foodgrain%20Bulletin%20fot%20November,%202024.pdf",capacity with state agencies (excl. capacity given to FCI)
Gujarat,state_agencies_incl_SWC,0.56,2024-11-30,"https://dfpd.gov.in/WriteReadData/FoodBulletinUploadDocuments/8e0ba45f-affc-4309-8a2d-f6c8d01156b7_Foodgrain%20Bulletin%20fot%20November,%202024.pdf",capacity with state agencies (excl. capacity given to FCI)
D&NH and D&D,state_agencies_incl_SWC,0.0,2024-11-30,"https://dfpd.gov.in/WriteReadData/FoodBulletinUploadDocuments/8e0ba45f-affc-4309-8a2d-f6c8d01156b7_Foodgrain%20Bulletin%20fot%20November,%202024.pdf",capacity with state agencies (excl. capacity given to FCI)
Maharashtra,state_agencies_incl_SWC,6.98,2024-11-30,"https://dfpd.gov.in/WriteReadData/FoodBulletinUploadDocuments/8e0ba45f-affc-4309-8a2d-f6c8d01156b7_Foodgrain%20Bulletin%20fot%20November,%202024.pdf",capacity with state agencies (excl. capacity given to FCI)
Goa,state_agencies_incl_SWC,0.0,2024-11-30,"https://dfpd.gov.in/WriteReadData/FoodBulletinUploadDocuments/8e0ba45f-affc-4309-8a2d-f6c8d01156b7_Foodgrain%20Bulletin%20fot%20November,%202024.pdf",capacity with state agencies (excl. capacity given to FCI)
Madhya Pradesh,state_agencies_incl_SWC,189.16,2024-11-30,"https://dfpd.gov.in/WriteReadData/FoodBulletinUploadDocuments/8e0ba45f-affc-4309-8a2d-f6c8d01156b7_Foodgrain%20Bulletin%20fot%20November,%202024.pdf",capacity with state agencies (excl. capacity given to FCI)
Chhattisgarh,state_agencies_incl_SWC,16.49,2024-11-30,"https://dfpd.gov.in/WriteReadData/FoodBulletinUploadDocuments/8e0ba45f-affc-4309-8a2d-f6c8d01156b7_Foodgrain%20Bulletin%20fot%20November,%202024.pdf",capacity with state agencies (excl. capacity given to FCI)
ALL_INDIA,silo_circuit_model_ALL,5.5,2025-12-31,https://www.pib.gov.in/PressReleasePage.aspx?PRID=2210211,"operational, circuit model"
ALL_INDIA,silo_rail_road_fed_ALL,20.25,2025-12-31,https://www.pib.gov.in/PressReleasePage.aspx?PRID=2210211,"functional, railway-siding & road-fed model"
ALL_INDIA,silo_rail_road_under_construction,4.0,2025-12-31,https://www.pib.gov.in/PressReleasePage.aspx?PRID=2210211,under construction
ALL_INDIA,silo_hub_spoke_phase1_awarded,34.875,2025-12-31,https://www.pib.gov.in/PressReleasePage.aspx?PRID=2210211,tenders awarded 80 locations Phase-I (3.75 completed)
